Key,ID,Project,IssueType,Status,Resolution,Created Date,Resolved Date
COLLECTIONS-25,310396,COLLECTIONS,Bug,Closed,Fixed,10/09/2003 12:02,16/03/2008 05:35
COLLECTIONS-24,310397,COLLECTIONS,Bug,Closed,Fixed,15/02/2004 13:47,16/03/2008 05:35
COLLECTIONS-234,310188,COLLECTIONS,Wish,Resolved,Fixed,07/11/2006 03:10,03/06/2012 19:09
COLLECTIONS-26,310395,COLLECTIONS,Bug,Closed,Fixed,07/09/2004 21:38,16/03/2008 05:35
COLLECTIONS-236,310186,COLLECTIONS,Bug,Closed,Invalid,21/11/2006 22:12,23/11/2006 00:26
COLLECTIONS-502,309927,COLLECTIONS,Improvement,Resolved,Fixed,20/11/2013 18:22,21/11/2013 06:36
COLLECTIONS-501,309928,COLLECTIONS,Bug,Resolved,Fixed,18/11/2013 00:04,18/11/2013 02:31
COLLECTIONS-36,310385,COLLECTIONS,Bug,Closed,Fixed,24/11/2004 14:01,16/03/2008 05:35
COLLECTIONS-505,309924,COLLECTIONS,New Feature,Closed,Not A Problem,11/12/2013 07:33,12/12/2013 03:12
COLLECTIONS-504,309925,COLLECTIONS,Bug,Closed,Invalid,04/12/2013 04:33,04/12/2013 20:56
COLLECTIONS-503,309926,COLLECTIONS,New Feature,Resolved,Fixed,22/11/2013 23:14,08/12/2013 19:43
COLLECTIONS-500,309929,COLLECTIONS,Bug,Resolved,Fixed,18/11/2013 00:02,18/11/2013 01:10
COLLECTIONS-499,309930,COLLECTIONS,Improvement,Resolved,Fixed,12/11/2013 03:48,12/11/2013 04:29
COLLECTIONS-498,309931,COLLECTIONS,Bug,Resolved,Fixed,12/11/2013 03:46,12/11/2013 04:29
COLLECTIONS-497,309932,COLLECTIONS,New Feature,Resolved,Fixed,12/11/2013 03:42,12/11/2013 04:29
COLLECTIONS-496,309933,COLLECTIONS,Bug,Resolved,Fixed,12/11/2013 00:42,12/11/2013 00:47
COLLECTIONS-495,309934,COLLECTIONS,Bug,Resolved,Fixed,12/11/2013 00:25,12/11/2013 00:30
COLLECTIONS-494,309935,COLLECTIONS,Improvement,Resolved,Fixed,11/11/2013 06:16,11/11/2013 06:20
COLLECTIONS-493,309936,COLLECTIONS,Improvement,Closed,Duplicate,25/10/2013 09:04,25/10/2013 22:26
COLLECTIONS-492,309937,COLLECTIONS,Improvement,Closed,Duplicate,25/10/2013 08:58,25/10/2013 22:23
COLLECTIONS-491,309938,COLLECTIONS,Improvement,Closed,Duplicate,25/10/2013 08:56,25/10/2013 22:23
COLLECTIONS-490,309939,COLLECTIONS,Improvement,Closed,Duplicate,25/10/2013 08:53,25/10/2013 22:22
COLLECTIONS-489,309940,COLLECTIONS,Improvement,Resolved,Duplicate,25/10/2013 08:50,25/10/2013 22:19
COLLECTIONS-488,309941,COLLECTIONS,Improvement,Resolved,Fixed,25/10/2013 08:49,05/11/2013 18:51
COLLECTIONS-487,309942,COLLECTIONS,Bug,Resolved,Duplicate,21/10/2013 15:48,21/10/2013 15:56
COLLECTIONS-486,309943,COLLECTIONS,Improvement,Open,,07/10/2013 20:15,
COLLECTIONS-485,309944,COLLECTIONS,Improvement,Resolved,Fixed,05/10/2013 07:58,05/11/2013 17:58
COLLECTIONS-484,309945,COLLECTIONS,Task,Resolved,Invalid,23/09/2013 17:01,26/09/2013 03:11
COLLECTIONS-483,309946,COLLECTIONS,Improvement,Open,,17/09/2013 15:20,
COLLECTIONS-482,309947,COLLECTIONS,Bug,Resolved,Duplicate,11/09/2013 02:16,11/09/2013 03:55
COLLECTIONS-481,309948,COLLECTIONS,Improvement,Resolved,Fixed,09/09/2013 20:03,11/09/2013 04:01
COLLECTIONS-480,309949,COLLECTIONS,Improvement,Resolved,Fixed,05/09/2013 08:49,10/09/2013 04:11
COLLECTIONS-479,309950,COLLECTIONS,New Feature,Open,,16/07/2013 00:55,
COLLECTIONS-476,309951,COLLECTIONS,New Feature,Open,,28/12/2012 14:20,
COLLECTIONS-475,309952,COLLECTIONS,Bug,Resolved,Fixed,03/07/2013 05:04,15/07/2013 03:09
COLLECTIONS-474,309953,COLLECTIONS,Bug,Resolved,Fixed,25/06/2013 02:22,01/07/2013 04:10
COLLECTIONS-473,309954,COLLECTIONS,Bug,Resolved,Fixed,18/06/2013 06:17,19/06/2013 04:29
COLLECTIONS-472,309955,COLLECTIONS,Bug,Resolved,Fixed,04/06/2013 06:59,10/06/2013 02:35
COLLECTIONS-471,309956,COLLECTIONS,New Feature,Resolved,Fixed,15/05/2013 05:16,28/11/2013 06:58
COLLECTIONS-470,309957,COLLECTIONS,Bug,Resolved,Fixed,14/05/2013 23:15,12/06/2013 04:29
COLLECTIONS-469,309958,COLLECTIONS,New Feature,Open,,14/05/2013 19:05,
COLLECTIONS-468,309959,COLLECTIONS,Bug,Resolved,Fixed,14/05/2013 04:57,18/06/2013 05:06
COLLECTIONS-467,309960,COLLECTIONS,New Feature,Open,,08/05/2013 21:10,
COLLECTIONS-466,309961,COLLECTIONS,Improvement,Resolved,Fixed,07/05/2013 13:35,13/05/2013 02:43
COLLECTIONS-461,309966,COLLECTIONS,Bug,Resolved,Fixed,06/05/2013 18:16,15/05/2013 04:02
COLLECTIONS-460,309967,COLLECTIONS,New Feature,Resolved,Fixed,06/05/2013 17:09,15/05/2013 02:37
COLLECTIONS-459,309968,COLLECTIONS,Bug,Resolved,Fixed,30/04/2013 20:15,19/06/2013 03:35
COLLECTIONS-458,309969,COLLECTIONS,Bug,Resolved,Fixed,30/04/2013 06:20,30/04/2013 20:00
COLLECTIONS-457,309970,COLLECTIONS,New Feature,Resolved,Won't Fix,30/04/2013 04:39,03/05/2013 16:06
COLLECTIONS-456,309971,COLLECTIONS,New Feature,Resolved,Fixed,30/04/2013 03:50,30/04/2013 04:09
COLLECTIONS-455,309972,COLLECTIONS,Bug,Resolved,Fixed,29/04/2013 08:05,19/06/2013 04:55
COLLECTIONS-454,309973,COLLECTIONS,Bug,Resolved,Fixed,27/04/2013 20:26,29/04/2013 02:53
COLLECTIONS-453,309974,COLLECTIONS,Bug,Resolved,Fixed,27/04/2013 20:23,06/05/2013 00:16
COLLECTIONS-451,309976,COLLECTIONS,Improvement,Resolved,Fixed,17/03/2013 22:46,18/03/2013 02:24
COLLECTIONS-450,309977,COLLECTIONS,Wish,Resolved,Fixed,17/03/2013 06:28,26/04/2013 04:02
COLLECTIONS-449,309978,COLLECTIONS,Bug,Closed,Won't Fix,14/03/2013 10:50,14/03/2013 15:28
COLLECTIONS-448,309979,COLLECTIONS,Wish,Open,,13/03/2013 06:29,
COLLECTIONS-447,309980,COLLECTIONS,Bug,Resolved,Fixed,03/03/2013 11:24,05/03/2013 04:20
COLLECTIONS-446,309981,COLLECTIONS,Improvement,Resolved,Fixed,27/02/2013 22:03,06/03/2013 05:30
COLLECTIONS-347,310080,COLLECTIONS,New Feature,Open,,19/12/2009 05:15,
COLLECTIONS-445,309982,COLLECTIONS,Bug,Resolved,Fixed,27/02/2013 05:21,22/04/2013 01:48
COLLECTIONS-444,309983,COLLECTIONS,Bug,Resolved,Fixed,26/02/2013 00:08,18/04/2013 02:13
COLLECTIONS-443,309984,COLLECTIONS,Improvement,Resolved,Duplicate,19/02/2013 21:44,16/05/2013 05:06
COLLECTIONS-442,309985,COLLECTIONS,Improvement,Open,,09/02/2013 18:13,
COLLECTIONS-441,309986,COLLECTIONS,Improvement,Resolved,Fixed,03/02/2013 05:49,25/02/2013 02:19
COLLECTIONS-440,309987,COLLECTIONS,New Feature,Open,,02/02/2013 04:35,
COLLECTIONS-439,309988,COLLECTIONS,Improvement,Open,,03/01/2013 01:39,
COLLECTIONS-438,309989,COLLECTIONS,Bug,Resolved,Invalid,28/12/2012 17:00,22/01/2013 21:56
COLLECTIONS-437,309990,COLLECTIONS,Bug,Resolved,Duplicate,26/12/2012 15:04,01/03/2013 02:38
COLLECTIONS-436,309991,COLLECTIONS,Wish,Resolved,Fixed,13/12/2012 07:33,14/12/2012 05:54
COLLECTIONS-435,309992,COLLECTIONS,Bug,Closed,Duplicate,14/11/2012 18:13,14/11/2012 18:26
COLLECTIONS-255,310168,COLLECTIONS,Bug,Resolved,Fixed,08/06/2007 08:32,01/03/2013 03:55
COLLECTIONS-434,309993,COLLECTIONS,Improvement,Resolved,Fixed,07/09/2012 00:08,18/04/2013 03:37
COLLECTIONS-433,309994,COLLECTIONS,Improvement,Resolved,Fixed,06/09/2012 23:17,20/04/2013 21:13
COLLECTIONS-431,309996,COLLECTIONS,Improvement,Open,,27/08/2012 04:07,
COLLECTIONS-430,309997,COLLECTIONS,Improvement,Resolved,Won't Fix,27/08/2012 03:33,16/04/2013 02:55
COLLECTIONS-429,309998,COLLECTIONS,Improvement,Resolved,Fixed,27/07/2012 03:03,18/04/2013 03:36
COLLECTIONS-428,309999,COLLECTIONS,New Feature,Open,,27/07/2012 02:55,
COLLECTIONS-427,310000,COLLECTIONS,Bug,Resolved,Fixed,25/07/2012 07:50,27/08/2012 03:02
COLLECTIONS-426,310001,COLLECTIONS,Bug,Resolved,Fixed,25/07/2012 06:04,27/08/2012 03:30
COLLECTIONS-425,310002,COLLECTIONS,Bug,Resolved,Fixed,25/07/2012 02:15,26/07/2012 05:15
COLLECTIONS-424,310003,COLLECTIONS,Bug,Resolved,Fixed,23/07/2012 17:07,17/03/2013 18:03
COLLECTIONS-423,310004,COLLECTIONS,Bug,Resolved,Won't Fix,23/07/2012 17:05,27/08/2012 05:06
COLLECTIONS-422,310005,COLLECTIONS,New Feature,Resolved,Fixed,12/07/2012 23:42,21/04/2013 23:18
COLLECTIONS-421,310006,COLLECTIONS,Bug,Resolved,Fixed,07/07/2012 22:47,15/07/2012 05:36
COLLECTIONS-420,310007,COLLECTIONS,Bug,Resolved,Won't Fix,30/06/2012 09:05,27/08/2012 05:25
COLLECTIONS-391,310036,COLLECTIONS,Bug,Resolved,Fixed,08/01/2012 16:38,10/04/2012 02:03
COLLECTIONS-419,310008,COLLECTIONS,Improvement,Resolved,Fixed,30/06/2012 06:58,20/04/2013 23:06
COLLECTIONS-418,310009,COLLECTIONS,Bug,Resolved,Won't Fix,30/06/2012 06:16,27/08/2012 05:32
COLLECTIONS-417,310010,COLLECTIONS,Bug,Resolved,Fixed,30/06/2012 06:01,21/09/2012 02:07
COLLECTIONS-416,310011,COLLECTIONS,Bug,Resolved,Won't Fix,30/06/2012 05:09,26/07/2012 05:40
COLLECTIONS-415,310012,COLLECTIONS,Bug,Resolved,Fixed,30/06/2012 05:02,21/09/2012 02:08
COLLECTIONS-414,310013,COLLECTIONS,Bug,Resolved,Fixed,23/06/2012 20:31,15/07/2012 19:19
COLLECTIONS-308,310117,COLLECTIONS,Bug,Closed,Won't Fix,24/12/2008 07:32,24/12/2008 22:19
COLLECTIONS-413,310014,COLLECTIONS,Bug,Resolved,Fixed,22/06/2012 02:38,23/06/2012 20:06
COLLECTIONS-412,310015,COLLECTIONS,Bug,Resolved,Fixed,21/06/2012 04:44,23/06/2012 19:34
COLLECTIONS-411,310016,COLLECTIONS,Bug,Resolved,Fixed,20/06/2012 23:45,21/06/2012 01:54
COLLECTIONS-410,310017,COLLECTIONS,Bug,Resolved,Fixed,20/06/2012 04:37,21/06/2012 02:04
COLLECTIONS-409,310018,COLLECTIONS,Bug,Resolved,Fixed,20/06/2012 00:00,20/06/2012 03:52
COLLECTIONS-401,310026,COLLECTIONS,Bug,Resolved,Not A Problem,30/03/2012 11:02,27/07/2012 05:02
COLLECTIONS-408,310019,COLLECTIONS,Bug,Resolved,Fixed,02/06/2012 14:56,20/06/2012 03:22
COLLECTIONS-407,310020,COLLECTIONS,Bug,Resolved,Fixed,02/06/2012 01:55,20/06/2012 03:00
COLLECTIONS-406,310021,COLLECTIONS,Bug,Resolved,Fixed,28/05/2012 03:52,03/06/2012 18:25
COLLECTIONS-405,310022,COLLECTIONS,Wish,Resolved,Implemented,11/04/2012 21:31,25/08/2012 12:00
COLLECTIONS-404,310023,COLLECTIONS,Improvement,Resolved,Fixed,09/04/2012 22:03,06/05/2013 00:17
COLLECTIONS-403,310024,COLLECTIONS,Improvement,Resolved,Won't Fix,04/04/2012 01:04,19/04/2013 05:25
COLLECTIONS-402,310025,COLLECTIONS,Bug,Resolved,Invalid,30/03/2012 11:42,27/07/2012 04:59
COLLECTIONS-400,310027,COLLECTIONS,Bug,Resolved,Fixed,30/03/2012 10:59,10/04/2012 01:27
COLLECTIONS-399,310028,COLLECTIONS,New Feature,Resolved,Fixed,08/03/2012 09:43,20/06/2012 05:06
COLLECTIONS-398,310029,COLLECTIONS,Improvement,Resolved,Won't Fix,07/03/2012 21:25,17/03/2013 20:03
COLLECTIONS-397,310030,COLLECTIONS,Improvement,Resolved,Won't Fix,07/03/2012 21:19,17/03/2013 20:03
COLLECTIONS-396,310031,COLLECTIONS,New Feature,Resolved,Fixed,03/03/2012 04:44,01/03/2013 02:31
COLLECTIONS-395,310032,COLLECTIONS,Wish,Open,,03/03/2012 04:15,
COLLECTIONS-394,310033,COLLECTIONS,Bug,Resolved,Won't Fix,29/02/2012 22:49,24/06/2012 01:14
COLLECTIONS-393,310034,COLLECTIONS,New Feature,Resolved,Fixed,29/02/2012 12:15,17/08/2012 04:51
COLLECTIONS-392,310035,COLLECTIONS,Improvement,Resolved,Duplicate,26/01/2012 18:10,31/01/2012 16:36
COLLECTIONS-294,310130,COLLECTIONS,Bug,Resolved,Fixed,25/04/2008 22:31,01/03/2013 03:38
COLLECTIONS-390,310037,COLLECTIONS,Bug,Closed,Duplicate,08/01/2012 16:31,08/01/2012 16:32
COLLECTIONS-389,310038,COLLECTIONS,Bug,Resolved,Fixed,08/01/2012 16:31,10/04/2012 01:21
COLLECTIONS-388,310039,COLLECTIONS,Bug,Resolved,Fixed,08/01/2012 16:29,10/04/2012 01:16
COLLECTIONS-387,310040,COLLECTIONS,Bug,Closed,Duplicate,27/12/2011 20:34,27/12/2011 20:35
COLLECTIONS-386,310041,COLLECTIONS,Bug,Closed,Duplicate,03/11/2011 22:07,04/11/2011 00:19
COLLECTIONS-385,310042,COLLECTIONS,Bug,Resolved,Not A Problem,27/10/2011 04:27,27/07/2012 05:06
COLLECTIONS-384,310043,COLLECTIONS,Bug,Resolved,Fixed,27/10/2011 04:21,30/10/2011 04:54
COLLECTIONS-383,310044,COLLECTIONS,Improvement,Resolved,Fixed,18/10/2011 12:32,01/08/2012 03:03
COLLECTIONS-382,310045,COLLECTIONS,Task,Resolved,Fixed,17/10/2011 03:19,18/04/2013 02:00
COLLECTIONS-381,310046,COLLECTIONS,Task,Resolved,Fixed,17/10/2011 03:18,24/06/2012 02:19
COLLECTIONS-293,310131,COLLECTIONS,Improvement,Resolved,Fixed,02/04/2008 11:51,27/07/2012 03:47
COLLECTIONS-380,310047,COLLECTIONS,Bug,Resolved,Fixed,30/09/2011 02:45,10/04/2012 02:41
COLLECTIONS-379,310048,COLLECTIONS,Bug,Resolved,Fixed,22/09/2011 10:45,27/07/2012 05:19
COLLECTIONS-378,310049,COLLECTIONS,Bug,Resolved,Implemented,09/08/2011 00:54,01/03/2013 03:17
COLLECTIONS-377,310050,COLLECTIONS,Bug,Resolved,Duplicate,19/07/2011 03:51,03/06/2012 19:19
COLLECTIONS-376,310051,COLLECTIONS,Bug,Closed,Duplicate,02/07/2011 01:15,02/07/2011 07:03
COLLECTIONS-375,310052,COLLECTIONS,Improvement,Resolved,Fixed,06/06/2011 22:41,18/03/2013 03:36
COLLECTIONS-374,310053,COLLECTIONS,Bug,Resolved,Won't Fix,03/04/2011 16:02,19/04/2013 03:09
COLLECTIONS-373,310054,COLLECTIONS,Bug,Resolved,Invalid,03/04/2011 15:43,24/01/2013 01:05
COLLECTIONS-348,310079,COLLECTIONS,Bug,Resolved,Fixed,20/12/2009 11:58,16/10/2010 03:39
COLLECTIONS-372,310055,COLLECTIONS,Bug,Resolved,Fixed,18/03/2011 20:45,07/03/2013 03:52
COLLECTIONS-371,310056,COLLECTIONS,Bug,Closed,Duplicate,01/02/2011 03:17,01/02/2011 15:19
COLLECTIONS-370,310057,COLLECTIONS,New Feature,Resolved,Implemented,12/01/2011 06:42,25/02/2013 05:16
COLLECTIONS-369,310058,COLLECTIONS,Bug,Closed,Duplicate,06/01/2011 13:52,06/01/2011 15:29
COLLECTIONS-368,310059,COLLECTIONS,New Feature,Resolved,Invalid,28/12/2010 04:56,04/02/2011 23:27
COLLECTIONS-367,310060,COLLECTIONS,Improvement,Resolved,Invalid,02/12/2010 05:28,23/04/2013 04:41
COLLECTIONS-366,310061,COLLECTIONS,New Feature,Open,,03/11/2010 03:10,
COLLECTIONS-365,310062,COLLECTIONS,Improvement,Resolved,Won't Fix,21/10/2010 17:32,24/04/2013 03:54
COLLECTIONS-364,310063,COLLECTIONS,Bug,Resolved,Fixed,19/10/2010 02:51,19/10/2010 03:17
COLLECTIONS-363,310064,COLLECTIONS,Bug,Resolved,Fixed,16/10/2010 09:39,21/12/2010 03:25
COLLECTIONS-362,310065,COLLECTIONS,Wish,Resolved,Fixed,27/08/2010 23:37,21/05/2011 00:57
COLLECTIONS-361,310066,COLLECTIONS,Wish,Resolved,Fixed,27/08/2010 23:26,08/03/2013 05:04
COLLECTIONS-360,310067,COLLECTIONS,Bug,Resolved,Fixed,24/08/2010 03:29,02/03/2011 06:17
COLLECTIONS-359,310068,COLLECTIONS,Bug,Resolved,Fixed,05/07/2010 22:58,01/03/2013 03:37
COLLECTIONS-358,310069,COLLECTIONS,Bug,Closed,Duplicate,30/06/2010 05:35,30/06/2010 07:38
COLLECTIONS-357,310070,COLLECTIONS,Bug,Resolved,Duplicate,25/06/2010 04:03,01/03/2013 03:25
COLLECTIONS-356,310071,COLLECTIONS,New Feature,Open,,23/06/2010 17:33,
COLLECTIONS-355,310072,COLLECTIONS,Bug,Closed,Invalid,26/05/2010 21:18,20/06/2010 03:37
COLLECTIONS-354,310073,COLLECTIONS,New Feature,Resolved,Won't Fix,25/02/2010 23:39,14/05/2013 06:32
COLLECTIONS-353,310074,COLLECTIONS,Bug,Closed,Duplicate,23/02/2010 18:15,20/06/2010 03:28
COLLECTIONS-352,310075,COLLECTIONS,Bug,Resolved,Fixed,11/02/2010 04:34,01/03/2013 04:05
COLLECTIONS-351,310076,COLLECTIONS,Task,Resolved,Fixed,16/01/2010 16:39,06/05/2013 00:21
COLLECTIONS-350,310077,COLLECTIONS,Bug,Resolved,Fixed,16/01/2010 00:35,01/03/2013 04:07
COLLECTIONS-349,310078,COLLECTIONS,Bug,Closed,Duplicate,07/01/2010 18:47,20/06/2010 03:21
COLLECTIONS-291,310132,COLLECTIONS,Improvement,Closed,Won't Fix,26/03/2008 13:46,02/04/2008 14:14
COLLECTIONS-346,310081,COLLECTIONS,Bug,Closed,Won't Fix,25/11/2009 07:18,20/06/2010 03:41
COLLECTIONS-345,310082,COLLECTIONS,New Feature,Closed,Won't Fix,21/10/2009 03:34,20/06/2010 03:46
COLLECTIONS-344,310083,COLLECTIONS,Task,Resolved,Won't Fix,20/10/2009 14:35,20/05/2011 21:09
COLLECTIONS-343,310084,COLLECTIONS,Bug,Resolved,Fixed,15/10/2009 20:15,01/03/2013 03:37
COLLECTIONS-342,310085,COLLECTIONS,New Feature,Open,,15/10/2009 17:58,
COLLECTIONS-341,310086,COLLECTIONS,Task,Resolved,Fixed,14/10/2009 19:53,01/03/2013 03:56
COLLECTIONS-340,310087,COLLECTIONS,Bug,Resolved,Fixed,14/10/2009 19:45,01/03/2013 03:55
COLLECTIONS-339,310088,COLLECTIONS,Improvement,Closed,Won't Fix,24/09/2009 00:00,24/09/2009 04:37
COLLECTIONS-338,310089,COLLECTIONS,Improvement,Closed,Won't Fix,18/09/2009 20:39,20/06/2010 03:19
COLLECTIONS-337,310090,COLLECTIONS,Bug,Closed,Won't Fix,16/09/2009 03:32,20/06/2010 03:43
COLLECTIONS-336,310091,COLLECTIONS,Improvement,Resolved,Fixed,16/09/2009 02:33,01/03/2013 03:37
COLLECTIONS-335,310092,COLLECTIONS,Bug,Resolved,Fixed,12/09/2009 06:17,02/03/2011 06:28
COLLECTIONS-334,310093,COLLECTIONS,Bug,Resolved,Fixed,12/09/2009 01:46,02/03/2011 06:36
COLLECTIONS-333,310094,COLLECTIONS,Improvement,Resolved,Won't Fix,12/09/2009 01:30,07/03/2013 04:02
COLLECTIONS-332,310095,COLLECTIONS,Bug,Resolved,Fixed,10/07/2009 10:24,09/03/2011 05:34
COLLECTIONS-331,310096,COLLECTIONS,Bug,Resolved,Fixed,24/06/2009 22:32,09/03/2011 06:33
COLLECTIONS-330,310097,COLLECTIONS,Bug,Resolved,Fixed,17/06/2009 17:52,22/02/2011 03:17
COLLECTIONS-328,310098,COLLECTIONS,Improvement,Resolved,Fixed,31/05/2009 16:10,01/03/2013 03:37
COLLECTIONS-327,310099,COLLECTIONS,Improvement,Resolved,Fixed,20/05/2009 20:30,16/10/2010 21:25
COLLECTIONS-325,310100,COLLECTIONS,Improvement,Resolved,Won't Fix,06/05/2009 19:47,17/03/2013 02:59
COLLECTIONS-324,310101,COLLECTIONS,Improvement,Resolved,Fixed,06/05/2009 07:15,24/06/2012 02:30
COLLECTIONS-323,310102,COLLECTIONS,Bug,Resolved,Fixed,22/04/2009 16:43,09/03/2011 07:39
COLLECTIONS-322,310103,COLLECTIONS,Improvement,Resolved,Fixed,05/03/2009 05:50,27/01/2013 04:16
COLLECTIONS-321,310104,COLLECTIONS,Bug,Resolved,Fixed,24/02/2009 19:10,01/03/2013 04:24
COLLECTIONS-320,310105,COLLECTIONS,Bug,Resolved,Fixed,17/02/2009 05:58,01/03/2013 03:58
COLLECTIONS-319,310106,COLLECTIONS,Bug,Resolved,Fixed,17/02/2009 03:35,01/03/2013 04:24
COLLECTIONS-318,310107,COLLECTIONS,Bug,Resolved,Fixed,17/02/2009 03:28,01/03/2013 03:58
COLLECTIONS-317,310108,COLLECTIONS,Bug,Resolved,Fixed,17/02/2009 00:18,01/03/2013 04:04
COLLECTIONS-316,310109,COLLECTIONS,Bug,Resolved,Fixed,11/02/2009 05:55,01/03/2013 04:04
COLLECTIONS-315,310110,COLLECTIONS,Bug,Closed,Duplicate,04/02/2009 03:30,04/02/2009 04:40
COLLECTIONS-314,310111,COLLECTIONS,Improvement,Closed,Duplicate,23/01/2009 23:29,23/04/2009 11:36
COLLECTIONS-313,310112,COLLECTIONS,Improvement,Resolved,Fixed,23/01/2009 23:27,25/05/2011 02:28
COLLECTIONS-312,310113,COLLECTIONS,Improvement,Resolved,Fixed,18/01/2009 20:03,08/02/2013 01:01
COLLECTIONS-311,310114,COLLECTIONS,Improvement,Closed,Won't Fix,13/01/2009 10:11,23/04/2009 11:38
COLLECTIONS-310,310115,COLLECTIONS,Bug,Resolved,Fixed,10/01/2009 21:58,27/04/2013 19:57
COLLECTIONS-309,310116,COLLECTIONS,Improvement,Resolved,Won't Fix,08/01/2009 05:45,25/02/2013 05:36
COLLECTIONS-307,310118,COLLECTIONS,Bug,Resolved,Fixed,13/11/2008 00:59,01/03/2013 04:03
COLLECTIONS-306,310119,COLLECTIONS,New Feature,Resolved,Fixed,08/11/2008 20:09,25/05/2011 00:12
COLLECTIONS-304,310120,COLLECTIONS,Bug,Resolved,Fixed,05/09/2008 18:43,01/03/2013 03:38
COLLECTIONS-303,310121,COLLECTIONS,Improvement,Resolved,Fixed,18/08/2008 16:03,01/03/2013 03:58
COLLECTIONS-302,310122,COLLECTIONS,Improvement,Closed,Won't Fix,13/08/2008 19:00,04/11/2008 00:36
COLLECTIONS-301,310123,COLLECTIONS,New Feature,Closed,Won't Fix,06/07/2008 02:48,07/07/2008 22:55
COLLECTIONS-300,310124,COLLECTIONS,Wish,Closed,Won't Fix,27/06/2008 23:48,22/08/2008 15:21
COLLECTIONS-299,310125,COLLECTIONS,Bug,Resolved,Fixed,16/06/2008 19:13,01/03/2013 03:37
COLLECTIONS-298,310126,COLLECTIONS,Wish,Resolved,Fixed,17/05/2008 23:22,01/03/2013 04:05
COLLECTIONS-297,310127,COLLECTIONS,Task,Resolved,Fixed,17/05/2008 23:10,01/03/2013 04:03
COLLECTIONS-296,310128,COLLECTIONS,New Feature,Resolved,Fixed,17/05/2008 12:48,19/04/2013 05:08
COLLECTIONS-295,310129,COLLECTIONS,Wish,Closed,Won't Fix,25/04/2008 22:42,29/12/2008 12:03
COLLECTIONS-290,310133,COLLECTIONS,Improvement,Open,,26/03/2008 08:41,
COLLECTIONS-289,310134,COLLECTIONS,Improvement,Resolved,Fixed,19/03/2008 00:11,01/03/2013 03:55
COLLECTIONS-288,310135,COLLECTIONS,Bug,Resolved,Fixed,18/03/2008 00:34,01/03/2013 03:38
COLLECTIONS-287,310136,COLLECTIONS,New Feature,Closed,Won't Fix,14/03/2008 05:21,19/03/2008 14:59
COLLECTIONS-286,310137,COLLECTIONS,New Feature,Resolved,Fixed,19/02/2008 23:52,01/03/2013 03:33
COLLECTIONS-285,310138,COLLECTIONS,Improvement,Resolved,Fixed,13/02/2008 22:51,18/04/2013 02:33
COLLECTIONS-284,310139,COLLECTIONS,Bug,Closed,Duplicate,31/01/2008 05:01,05/02/2008 13:47
COLLECTIONS-283,310140,COLLECTIONS,New Feature,Resolved,Implemented,28/01/2008 11:31,25/02/2013 05:24
COLLECTIONS-282,310141,COLLECTIONS,Improvement,Resolved,Fixed,19/01/2008 16:59,01/03/2013 03:36
COLLECTIONS-281,310142,COLLECTIONS,Task,Resolved,Fixed,04/01/2008 08:38,01/03/2013 03:57
COLLECTIONS-280,310143,COLLECTIONS,Improvement,Resolved,Fixed,05/12/2007 10:10,01/03/2013 04:04
COLLECTIONS-279,310144,COLLECTIONS,Bug,Resolved,Duplicate,28/11/2007 15:12,01/03/2013 03:29
COLLECTIONS-278,310145,COLLECTIONS,Bug,Resolved,Fixed,14/11/2007 05:24,01/03/2013 04:05
COLLECTIONS-277,310146,COLLECTIONS,Task,Resolved,Won't Fix,12/11/2007 07:09,17/03/2013 03:06
COLLECTIONS-276,310147,COLLECTIONS,Improvement,Closed,Won't Fix,12/11/2007 05:39,12/11/2007 19:19
COLLECTIONS-275,310148,COLLECTIONS,New Feature,Resolved,Fixed,08/11/2007 19:53,02/03/2013 20:58
COLLECTIONS-274,310149,COLLECTIONS,Improvement,Closed,Invalid,30/10/2007 18:22,12/09/2009 01:14
COLLECTIONS-273,310150,COLLECTIONS,Improvement,Resolved,Fixed,30/10/2007 16:35,01/03/2013 04:24
COLLECTIONS-272,310151,COLLECTIONS,Improvement,Resolved,Fixed,19/10/2007 07:56,01/08/2012 04:24
COLLECTIONS-271,310152,COLLECTIONS,Bug,Resolved,Fixed,16/10/2007 20:40,01/03/2013 03:56
COLLECTIONS-270,310153,COLLECTIONS,New Feature,Open,,08/10/2007 17:39,
COLLECTIONS-269,310154,COLLECTIONS,Improvement,Closed,Won't Fix,07/10/2007 06:05,20/06/2010 06:51
COLLECTIONS-268,310155,COLLECTIONS,Improvement,Resolved,Fixed,07/10/2007 05:18,01/03/2013 04:25
COLLECTIONS-256,310167,COLLECTIONS,Bug,Resolved,Duplicate,09/06/2007 06:43,28/04/2013 05:42
COLLECTIONS-267,310156,COLLECTIONS,Test,Closed,Won't Fix,18/09/2007 19:39,19/03/2008 14:46
COLLECTIONS-266,310157,COLLECTIONS,Bug,Resolved,Fixed,12/09/2007 05:02,01/03/2013 03:57
COLLECTIONS-265,310158,COLLECTIONS,Bug,Resolved,Fixed,11/09/2007 03:38,01/03/2013 04:04
COLLECTIONS-264,310159,COLLECTIONS,Bug,Closed,Fixed,31/08/2007 00:24,31/08/2007 17:40
COLLECTIONS-263,310160,COLLECTIONS,New Feature,Resolved,Fixed,30/08/2007 06:04,26/04/2013 04:39
COLLECTIONS-262,310161,COLLECTIONS,Bug,Resolved,Fixed,29/08/2007 12:10,01/03/2013 03:28
COLLECTIONS-261,310162,COLLECTIONS,Bug,Closed,Fixed,18/08/2007 22:12,20/08/2007 22:11
COLLECTIONS-260,310163,COLLECTIONS,Improvement,Resolved,Fixed,13/07/2007 09:22,01/03/2013 04:02
COLLECTIONS-259,310164,COLLECTIONS,Improvement,Closed,Won't Fix,10/07/2007 06:47,12/09/2009 01:34
COLLECTIONS-258,310165,COLLECTIONS,New Feature,Resolved,Fixed,26/06/2007 22:39,01/03/2013 04:59
COLLECTIONS-257,310166,COLLECTIONS,Bug,Closed,Duplicate,25/06/2007 18:53,26/06/2007 23:40
COLLECTIONS-253,310169,COLLECTIONS,Improvement,Resolved,Fixed,25/05/2007 20:24,01/03/2013 03:57
COLLECTIONS-252,310170,COLLECTIONS,Improvement,Closed,Invalid,15/05/2007 17:06,13/09/2007 08:36
COLLECTIONS-251,310171,COLLECTIONS,Improvement,Resolved,Fixed,03/05/2007 09:38,20/07/2011 22:46
COLLECTIONS-250,310172,COLLECTIONS,Bug,Closed,Invalid,27/04/2007 18:24,30/04/2007 18:56
COLLECTIONS-249,310173,COLLECTIONS,Bug,Resolved,Fixed,21/04/2007 03:10,01/03/2013 04:05
COLLECTIONS-248,310174,COLLECTIONS,New Feature,Open,,16/04/2007 22:13,
COLLECTIONS-247,310175,COLLECTIONS,Task,Resolved,Fixed,01/04/2007 22:58,01/03/2013 04:03
COLLECTIONS-238,310184,COLLECTIONS,Improvement,Resolved,Fixed,16/12/2006 11:04,01/03/2013 04:24
COLLECTIONS-237,310185,COLLECTIONS,Bug,Resolved,Fixed,13/12/2006 02:09,27/04/2013 19:09
COLLECTIONS-235,310187,COLLECTIONS,New Feature,Resolved,Fixed,21/11/2006 00:49,01/03/2013 03:36
COLLECTIONS-246,310176,COLLECTIONS,Bug,Closed,Invalid,20/03/2007 17:07,26/04/2008 23:17
COLLECTIONS-245,310177,COLLECTIONS,Improvement,Resolved,Fixed,18/03/2007 22:25,01/03/2013 03:38
COLLECTIONS-244,310178,COLLECTIONS,Improvement,Open,,14/03/2007 03:50,
COLLECTIONS-243,310179,COLLECTIONS,Improvement,Resolved,Fixed,12/03/2007 13:46,01/03/2013 03:58
COLLECTIONS-242,310180,COLLECTIONS,Improvement,Resolved,Fixed,09/03/2007 18:14,22/02/2011 06:14
COLLECTIONS-241,310181,COLLECTIONS,New Feature,Resolved,Implemented,17/02/2007 02:44,24/08/2012 13:10
COLLECTIONS-240,310182,COLLECTIONS,Bug,Resolved,Fixed,20/01/2007 22:09,01/03/2013 04:04
COLLECTIONS-239,310183,COLLECTIONS,Bug,Closed,Won't Fix,17/01/2007 17:26,26/03/2008 13:36
COLLECTIONS-203,310219,COLLECTIONS,Improvement,Closed,Fixed,28/01/2003 09:54,16/03/2008 05:36
COLLECTIONS-233,310189,COLLECTIONS,Improvement,Closed,Won't Fix,06/11/2006 04:46,12/09/2009 00:19
COLLECTIONS-232,310190,COLLECTIONS,Improvement,Closed,Fixed,30/10/2006 19:48,04/05/2007 03:55
COLLECTIONS-231,310191,COLLECTIONS,Improvement,Resolved,Fixed,30/10/2006 18:43,01/08/2012 02:23
COLLECTIONS-230,310192,COLLECTIONS,Wish,Resolved,Fixed,30/10/2006 07:30,01/03/2013 03:36
COLLECTIONS-229,310193,COLLECTIONS,Task,Resolved,Fixed,28/10/2006 20:51,20/05/2011 21:05
COLLECTIONS-228,310194,COLLECTIONS,Bug,Resolved,Fixed,28/10/2006 20:14,01/03/2013 04:25
COLLECTIONS-227,310195,COLLECTIONS,Improvement,Open,,28/10/2006 06:32,
COLLECTIONS-226,310196,COLLECTIONS,Improvement,Resolved,Fixed,29/09/2006 20:57,01/03/2013 04:03
COLLECTIONS-225,310197,COLLECTIONS,New Feature,Resolved,Fixed,26/09/2006 03:18,16/06/2013 23:59
COLLECTIONS-224,310198,COLLECTIONS,New Feature,Resolved,Won't Fix,26/09/2006 02:55,18/04/2013 02:37
COLLECTIONS-137,310284,COLLECTIONS,Improvement,Closed,Fixed,15/02/2006 12:30,16/03/2008 05:36
COLLECTIONS-223,310199,COLLECTIONS,Improvement,Resolved,Fixed,23/08/2006 10:12,18/04/2013 02:17
COLLECTIONS-222,310200,COLLECTIONS,Bug,Closed,Duplicate,19/08/2006 01:43,19/08/2006 03:01
COLLECTIONS-221,310201,COLLECTIONS,Bug,Resolved,Fixed,13/08/2006 01:10,01/03/2013 04:08
COLLECTIONS-220,310202,COLLECTIONS,Bug,Resolved,Fixed,07/08/2006 21:53,01/03/2013 04:08
COLLECTIONS-219,310203,COLLECTIONS,Bug,Resolved,Fixed,03/08/2006 01:37,01/03/2013 04:25
COLLECTIONS-218,310204,COLLECTIONS,Improvement,Resolved,Fixed,19/07/2006 07:16,01/03/2013 03:36
COLLECTIONS-217,310205,COLLECTIONS,Bug,Closed,Fixed,19/07/2006 01:42,19/07/2006 06:02
COLLECTIONS-216,310206,COLLECTIONS,Improvement,Closed,Fixed,07/07/2006 07:26,14/07/2006 13:32
COLLECTIONS-215,310207,COLLECTIONS,Improvement,Closed,Won't Fix,07/07/2006 05:33,14/07/2006 14:11
COLLECTIONS-214,310208,COLLECTIONS,Bug,Closed,Fixed,19/06/2006 02:54,19/07/2006 06:44
COLLECTIONS-192,310230,COLLECTIONS,Improvement,Closed,Fixed,28/08/2004 17:28,16/03/2008 05:36
COLLECTIONS-213,310209,COLLECTIONS,Improvement,Resolved,Fixed,01/06/2006 12:07,26/05/2011 02:04
COLLECTIONS-212,310210,COLLECTIONS,Improvement,Resolved,Implemented,30/04/2006 10:08,18/03/2013 03:54
COLLECTIONS-211,310211,COLLECTIONS,Improvement,Closed,Fixed,23/03/2004 11:09,14/07/2006 13:35
COLLECTIONS-210,310212,COLLECTIONS,Improvement,Closed,Won't Fix,20/09/2003 04:22,16/03/2008 05:36
COLLECTIONS-209,310213,COLLECTIONS,Improvement,Closed,Won't Fix,23/08/2003 05:37,16/03/2008 05:36
COLLECTIONS-208,310214,COLLECTIONS,Improvement,Closed,Fixed,11/10/2005 19:37,16/03/2008 05:36
COLLECTIONS-207,310215,COLLECTIONS,Improvement,Closed,Won't Fix,28/06/2004 11:40,16/03/2008 05:36
COLLECTIONS-206,310216,COLLECTIONS,Improvement,Closed,Fixed,26/05/2002 23:59,16/03/2008 05:36
COLLECTIONS-205,310217,COLLECTIONS,Improvement,Closed,Won't Fix,05/08/2004 09:05,16/03/2008 05:36
COLLECTIONS-204,310218,COLLECTIONS,Improvement,Closed,Won't Fix,24/11/2005 06:19,16/03/2008 05:36
COLLECTIONS-202,310220,COLLECTIONS,Improvement,Closed,Fixed,24/06/2003 14:19,16/03/2008 05:36
COLLECTIONS-201,310221,COLLECTIONS,Improvement,Closed,Won't Fix,29/12/2005 11:57,16/03/2008 05:36
COLLECTIONS-200,310222,COLLECTIONS,Improvement,Closed,Fixed,21/12/2005 07:54,16/03/2008 05:36
COLLECTIONS-199,310223,COLLECTIONS,Improvement,Closed,Fixed,24/02/2005 05:00,16/03/2008 05:36
COLLECTIONS-198,310224,COLLECTIONS,Improvement,Closed,Fixed,12/03/2003 16:41,16/03/2008 05:36
COLLECTIONS-197,310225,COLLECTIONS,Improvement,Closed,Fixed,06/01/2004 09:06,16/03/2008 05:36
COLLECTIONS-196,310226,COLLECTIONS,New Feature,Closed,Won't Fix,01/09/2003 07:07,20/07/2006 06:16
COLLECTIONS-195,310227,COLLECTIONS,Improvement,Closed,Fixed,09/03/2004 05:02,16/03/2008 05:36
COLLECTIONS-194,310228,COLLECTIONS,Improvement,Resolved,Fixed,24/11/2005 20:44,01/03/2013 03:56
COLLECTIONS-193,310229,COLLECTIONS,Improvement,Closed,Fixed,07/04/2006 06:02,16/03/2008 05:36
COLLECTIONS-161,310261,COLLECTIONS,Improvement,Closed,Fixed,06/02/2003 15:35,16/03/2008 05:36
COLLECTIONS-108,310313,COLLECTIONS,Bug,Closed,Won't Fix,05/08/2004 09:23,16/03/2008 05:36
COLLECTIONS-191,310231,COLLECTIONS,Improvement,Closed,Fixed,25/03/2005 17:32,16/03/2008 05:36
COLLECTIONS-190,310232,COLLECTIONS,Improvement,Closed,Won't Fix,26/02/2005 12:10,16/03/2008 05:36
COLLECTIONS-189,310233,COLLECTIONS,Improvement,Closed,Fixed,18/02/2006 15:16,16/03/2008 05:36
COLLECTIONS-188,310234,COLLECTIONS,Improvement,Closed,Fixed,06/12/2002 16:52,16/03/2008 05:36
COLLECTIONS-187,310235,COLLECTIONS,Improvement,Closed,Won't Fix,05/08/2004 09:28,16/03/2008 05:36
COLLECTIONS-186,310236,COLLECTIONS,Improvement,Closed,Won't Fix,28/01/2004 10:03,16/03/2008 05:36
COLLECTIONS-185,310237,COLLECTIONS,Improvement,Closed,Won't Fix,04/07/2004 11:05,16/03/2008 05:36
COLLECTIONS-184,310238,COLLECTIONS,Improvement,Closed,Fixed,09/06/2004 04:25,16/03/2008 05:36
COLLECTIONS-183,310239,COLLECTIONS,Improvement,Resolved,Won't Fix,22/05/2005 10:29,08/03/2012 10:06
COLLECTIONS-182,310240,COLLECTIONS,Improvement,Resolved,Fixed,01/08/2005 18:21,01/03/2013 04:25
COLLECTIONS-181,310241,COLLECTIONS,New Feature,Reopened,,23/12/2004 08:49,
COLLECTIONS-180,310242,COLLECTIONS,Improvement,Closed,Fixed,03/12/2005 11:45,14/07/2006 20:06
COLLECTIONS-179,310243,COLLECTIONS,Improvement,Closed,Fixed,06/02/2004 02:33,31/05/2006 14:06
COLLECTIONS-178,310244,COLLECTIONS,Improvement,Closed,Fixed,14/09/2003 15:51,16/03/2008 05:36
COLLECTIONS-177,310245,COLLECTIONS,Improvement,Closed,Fixed,26/05/2002 23:55,16/03/2008 05:36
COLLECTIONS-176,310246,COLLECTIONS,Improvement,Closed,Fixed,25/03/2004 07:27,16/03/2008 05:36
COLLECTIONS-175,310247,COLLECTIONS,Improvement,Closed,Won't Fix,09/03/2003 15:34,16/03/2008 05:36
COLLECTIONS-174,310248,COLLECTIONS,Improvement,Closed,Won't Fix,24/02/2003 17:01,16/03/2008 05:36
COLLECTIONS-173,310249,COLLECTIONS,Improvement,Closed,Fixed,27/09/2005 02:33,14/07/2006 20:05
COLLECTIONS-172,310250,COLLECTIONS,Improvement,Closed,Fixed,30/08/2003 13:37,16/03/2008 05:36
COLLECTIONS-171,310251,COLLECTIONS,Improvement,Closed,Fixed,07/01/2004 16:25,16/03/2008 05:36
COLLECTIONS-160,310262,COLLECTIONS,Improvement,Closed,Fixed,09/04/2003 05:20,16/03/2008 05:36
COLLECTIONS-170,310252,COLLECTIONS,Improvement,Closed,Won't Fix,21/01/2005 22:27,16/03/2008 05:36
COLLECTIONS-169,310253,COLLECTIONS,Improvement,Closed,Won't Fix,06/12/2002 16:50,16/03/2008 05:36
COLLECTIONS-168,310254,COLLECTIONS,Improvement,Closed,Fixed,12/11/2005 15:13,16/03/2008 05:36
COLLECTIONS-167,310255,COLLECTIONS,Improvement,Closed,Fixed,16/03/2004 19:55,16/03/2008 05:36
COLLECTIONS-166,310256,COLLECTIONS,Improvement,Closed,Fixed,01/06/2003 15:16,16/03/2008 05:36
COLLECTIONS-165,310257,COLLECTIONS,New Feature,Resolved,Implemented,28/06/2004 11:35,27/01/2013 04:35
COLLECTIONS-164,310258,COLLECTIONS,Improvement,Closed,Fixed,18/03/2003 07:04,16/03/2008 05:36
COLLECTIONS-163,310259,COLLECTIONS,Improvement,Closed,Won't Fix,25/06/2005 06:04,16/03/2008 05:36
COLLECTIONS-162,310260,COLLECTIONS,Improvement,Closed,Fixed,04/02/2006 07:31,16/03/2008 05:36
COLLECTIONS-159,310263,COLLECTIONS,Improvement,Closed,Fixed,15/03/2003 10:07,16/03/2008 05:36
COLLECTIONS-158,310264,COLLECTIONS,Improvement,Closed,Fixed,18/07/2004 07:03,16/03/2008 05:36
COLLECTIONS-157,310265,COLLECTIONS,Improvement,Closed,Fixed,15/05/2004 00:44,16/03/2008 05:36
COLLECTIONS-156,310266,COLLECTIONS,Improvement,Closed,Won't Fix,28/09/2004 16:38,16/03/2008 05:36
COLLECTIONS-155,310267,COLLECTIONS,Improvement,Closed,Fixed,24/04/2003 22:43,16/03/2008 05:36
COLLECTIONS-154,310268,COLLECTIONS,Improvement,Closed,Won't Fix,16/03/2004 22:01,16/03/2008 05:36
COLLECTIONS-153,310269,COLLECTIONS,Improvement,Closed,Fixed,14/03/2003 03:36,16/03/2008 05:36
COLLECTIONS-152,310270,COLLECTIONS,New Feature,Open,,18/07/2004 09:54,
COLLECTIONS-151,310271,COLLECTIONS,Improvement,Closed,Cannot Reproduce,05/08/2004 09:19,16/03/2008 05:36
COLLECTIONS-150,310272,COLLECTIONS,Improvement,Closed,Won't Fix,10/03/2004 22:51,14/07/2006 20:06
COLLECTIONS-149,310273,COLLECTIONS,Improvement,Closed,Won't Fix,05/08/2004 08:56,16/03/2008 05:36
COLLECTIONS-139,310282,COLLECTIONS,Improvement,Closed,Fixed,14/09/2003 16:27,16/03/2008 05:36
COLLECTIONS-148,310274,COLLECTIONS,Improvement,Reopened,,26/02/2004 09:08,
COLLECTIONS-147,310275,COLLECTIONS,Improvement,Closed,Won't Fix,14/02/2005 13:55,16/03/2008 05:36
COLLECTIONS-146,310276,COLLECTIONS,Improvement,Closed,Fixed,28/07/2005 03:11,16/03/2008 05:36
COLLECTIONS-145,310277,COLLECTIONS,Improvement,Closed,Fixed,18/09/2002 09:22,16/03/2008 05:36
COLLECTIONS-143,310278,COLLECTIONS,Improvement,Closed,Fixed,10/11/2003 10:45,16/03/2008 05:36
COLLECTIONS-142,310279,COLLECTIONS,Improvement,Closed,Fixed,20/10/2002 11:31,16/03/2008 05:36
COLLECTIONS-141,310280,COLLECTIONS,Improvement,Closed,Fixed,11/05/2004 11:05,16/03/2008 05:36
COLLECTIONS-140,310281,COLLECTIONS,Improvement,Closed,Fixed,23/03/2004 10:12,14/07/2006 13:38
COLLECTIONS-138,310283,COLLECTIONS,Improvement,Closed,Fixed,15/12/2005 20:38,16/03/2008 05:36
COLLECTIONS-136,310285,COLLECTIONS,Bug,Closed,Fixed,09/09/2003 11:59,16/03/2008 05:36
COLLECTIONS-135,310286,COLLECTIONS,Bug,Closed,Fixed,05/04/2006 13:38,16/03/2008 05:36
COLLECTIONS-134,310287,COLLECTIONS,Bug,Closed,Duplicate,17/11/2005 15:52,16/03/2008 05:36
COLLECTIONS-133,310288,COLLECTIONS,Bug,Closed,Incomplete,05/10/2002 04:16,16/03/2008 05:36
COLLECTIONS-132,310289,COLLECTIONS,Bug,Closed,Fixed,18/03/2004 04:59,16/03/2008 05:36
COLLECTIONS-131,310290,COLLECTIONS,Bug,Closed,Fixed,09/05/2002 09:03,16/03/2008 05:36
COLLECTIONS-130,310291,COLLECTIONS,Bug,Closed,Fixed,28/04/2004 05:37,16/03/2008 05:36
COLLECTIONS-129,310292,COLLECTIONS,Bug,Closed,Fixed,15/05/2005 09:27,16/03/2008 05:36
COLLECTIONS-128,310293,COLLECTIONS,Bug,Closed,Fixed,11/01/2004 05:27,14/07/2006 20:04
COLLECTIONS-127,310294,COLLECTIONS,Bug,Closed,Fixed,01/05/2005 10:21,16/03/2008 05:36
COLLECTIONS-107,310314,COLLECTIONS,Bug,Closed,Fixed,15/07/2005 16:07,16/03/2008 05:36
COLLECTIONS-126,310295,COLLECTIONS,Bug,Closed,Incomplete,24/07/2002 07:14,16/03/2008 05:36
COLLECTIONS-125,310296,COLLECTIONS,Bug,Closed,Fixed,08/09/2003 12:35,16/03/2008 05:36
COLLECTIONS-124,310297,COLLECTIONS,Bug,Closed,Fixed,29/01/2005 12:15,16/03/2008 05:36
COLLECTIONS-123,310298,COLLECTIONS,Bug,Closed,Fixed,21/11/2005 02:18,16/03/2008 05:36
COLLECTIONS-122,310299,COLLECTIONS,Bug,Closed,Fixed,27/09/2004 22:24,16/03/2008 05:36
COLLECTIONS-121,310300,COLLECTIONS,Bug,Closed,Fixed,11/10/2005 16:07,16/03/2008 05:36
COLLECTIONS-120,310301,COLLECTIONS,Bug,Closed,Fixed,17/04/2003 12:46,16/03/2008 05:36
COLLECTIONS-119,310302,COLLECTIONS,Bug,Closed,Fixed,31/08/2003 16:45,16/03/2008 05:36
COLLECTIONS-118,310303,COLLECTIONS,Bug,Closed,Fixed,17/04/2004 04:51,16/03/2008 05:36
COLLECTIONS-117,310304,COLLECTIONS,Bug,Closed,Fixed,06/01/2006 10:45,16/03/2008 05:36
COLLECTIONS-99,310322,COLLECTIONS,Bug,Closed,Fixed,20/06/2003 15:36,16/03/2008 05:36
COLLECTIONS-116,310305,COLLECTIONS,Bug,Closed,Fixed,04/10/2004 14:07,16/03/2008 05:36
COLLECTIONS-115,310306,COLLECTIONS,Bug,Closed,Fixed,26/03/2004 06:39,14/07/2006 13:44
COLLECTIONS-114,310307,COLLECTIONS,Bug,Closed,Fixed,23/06/2005 11:36,16/03/2008 05:36
COLLECTIONS-113,310308,COLLECTIONS,Bug,Closed,Fixed,13/11/2004 08:44,16/03/2008 05:36
COLLECTIONS-112,310309,COLLECTIONS,Bug,Closed,Fixed,07/09/2003 14:43,16/03/2008 05:36
COLLECTIONS-111,310310,COLLECTIONS,Bug,Closed,Cannot Reproduce,21/01/2006 18:12,19/03/2008 14:52
COLLECTIONS-110,310311,COLLECTIONS,Wish,Resolved,Fixed,10/05/2006 15:36,01/03/2013 03:56
COLLECTIONS-109,310312,COLLECTIONS,Bug,Closed,Fixed,24/06/2002 23:12,16/03/2008 05:36
COLLECTIONS-87,310334,COLLECTIONS,Bug,Closed,Won't Fix,12/11/2005 13:35,16/03/2008 05:36
COLLECTIONS-106,310315,COLLECTIONS,Bug,Closed,Fixed,30/12/2003 13:59,16/03/2008 05:36
COLLECTIONS-105,310316,COLLECTIONS,Bug,Closed,Fixed,18/02/2003 10:15,16/03/2008 05:36
COLLECTIONS-104,310317,COLLECTIONS,Bug,Closed,Fixed,13/01/2005 11:30,16/03/2008 05:36
COLLECTIONS-103,310318,COLLECTIONS,Bug,Closed,Fixed,03/06/2002 21:12,14/07/2006 13:33
COLLECTIONS-102,310319,COLLECTIONS,Bug,Closed,Fixed,29/05/2002 10:49,14/07/2006 20:05
COLLECTIONS-101,310320,COLLECTIONS,Bug,Closed,Fixed,17/07/2005 07:14,16/03/2008 05:36
COLLECTIONS-100,310321,COLLECTIONS,Bug,Closed,Incomplete,03/12/2003 21:11,16/03/2008 05:36
COLLECTIONS-98,310323,COLLECTIONS,Bug,Closed,Fixed,23/02/2005 14:22,16/03/2008 05:36
COLLECTIONS-97,310324,COLLECTIONS,Bug,Closed,Fixed,11/09/2003 12:50,16/03/2008 05:36
COLLECTIONS-96,310325,COLLECTIONS,Bug,Closed,Fixed,14/01/2004 18:22,16/03/2008 05:36
COLLECTIONS-95,310326,COLLECTIONS,Bug,Closed,Fixed,01/09/2004 03:41,16/03/2008 05:36
COLLECTIONS-94,310327,COLLECTIONS,Bug,Closed,Fixed,29/01/2004 14:22,16/03/2008 05:36
COLLECTIONS-93,310328,COLLECTIONS,Bug,Closed,Fixed,02/04/2005 11:19,14/07/2006 20:04
COLLECTIONS-92,310329,COLLECTIONS,Bug,Closed,Fixed,03/06/2002 23:30,16/03/2008 05:36
COLLECTIONS-91,310330,COLLECTIONS,Bug,Closed,Duplicate,18/11/2003 13:22,14/07/2006 20:07
COLLECTIONS-90,310331,COLLECTIONS,Bug,Closed,Fixed,07/09/2003 16:40,16/03/2008 05:36
COLLECTIONS-89,310332,COLLECTIONS,Bug,Closed,Fixed,18/09/2003 14:31,16/03/2008 05:36
COLLECTIONS-88,310333,COLLECTIONS,Bug,Closed,Won't Fix,14/04/2005 23:32,16/03/2008 05:36
COLLECTIONS-86,310335,COLLECTIONS,Bug,Closed,Fixed,17/10/2002 22:48,16/03/2008 05:36
COLLECTIONS-85,310336,COLLECTIONS,Bug,Closed,Invalid,04/03/2006 23:58,08/08/2006 05:08
COLLECTIONS-84,310337,COLLECTIONS,Bug,Closed,Fixed,13/05/2004 07:08,16/03/2008 05:36
COLLECTIONS-83,310338,COLLECTIONS,Bug,Closed,Duplicate,06/02/2004 02:33,16/03/2008 05:36
COLLECTIONS-82,310339,COLLECTIONS,Bug,Closed,Fixed,14/06/2003 02:07,16/03/2008 05:36
COLLECTIONS-81,310340,COLLECTIONS,Bug,Closed,Incomplete,08/06/2004 03:46,16/03/2008 05:36
COLLECTIONS-80,310341,COLLECTIONS,Bug,Closed,Fixed,16/12/2003 20:15,16/03/2008 05:36
COLLECTIONS-79,310342,COLLECTIONS,Bug,Closed,Won't Fix,05/08/2004 09:11,16/03/2008 05:36
COLLECTIONS-78,310343,COLLECTIONS,Bug,Closed,Fixed,31/12/2003 00:46,16/03/2008 05:36
COLLECTIONS-77,310344,COLLECTIONS,Bug,Closed,Fixed,02/04/2005 11:52,16/03/2008 05:36
COLLECTIONS-76,310345,COLLECTIONS,Bug,Closed,Won't Fix,18/05/2002 07:51,16/03/2008 05:36
COLLECTIONS-75,310346,COLLECTIONS,Bug,Closed,Incomplete,02/03/2005 07:52,16/05/2006 20:16
COLLECTIONS-74,310347,COLLECTIONS,Bug,Closed,Fixed,01/04/2004 20:50,16/03/2008 05:36
COLLECTIONS-73,310348,COLLECTIONS,Bug,Closed,Fixed,09/01/2003 10:26,16/03/2008 05:36
COLLECTIONS-72,310349,COLLECTIONS,Bug,Closed,Duplicate,09/02/2006 04:03,16/03/2008 05:36
COLLECTIONS-71,310350,COLLECTIONS,Bug,Closed,Fixed,05/03/2002 10:11,16/03/2008 05:36
COLLECTIONS-70,310351,COLLECTIONS,Bug,Closed,Fixed,08/06/2005 14:21,16/03/2008 05:36
COLLECTIONS-69,310352,COLLECTIONS,Bug,Closed,Won't Fix,03/01/2005 09:54,16/03/2008 05:36
COLLECTIONS-68,310353,COLLECTIONS,Bug,Closed,Fixed,01/05/2005 11:11,14/07/2006 20:04
COLLECTIONS-67,310354,COLLECTIONS,Bug,Closed,Fixed,13/08/2005 07:42,16/03/2008 05:36
COLLECTIONS-66,310355,COLLECTIONS,Bug,Closed,Fixed,11/04/2002 06:03,16/03/2008 05:36
COLLECTIONS-65,310356,COLLECTIONS,Bug,Closed,Cannot Reproduce,08/09/2004 05:42,16/03/2008 05:36
COLLECTIONS-64,310357,COLLECTIONS,Bug,Closed,Fixed,17/07/2005 04:24,16/03/2008 05:36
COLLECTIONS-63,310358,COLLECTIONS,Bug,Closed,Cannot Reproduce,06/08/2004 13:21,16/03/2008 05:36
COLLECTIONS-62,310359,COLLECTIONS,Bug,Closed,Fixed,28/11/2002 01:50,16/03/2008 05:36
COLLECTIONS-61,310360,COLLECTIONS,Bug,Closed,Fixed,30/12/2005 13:14,16/03/2008 05:36
COLLECTIONS-60,310361,COLLECTIONS,Bug,Closed,Fixed,09/06/2002 12:42,16/03/2008 05:36
COLLECTIONS-59,310362,COLLECTIONS,Bug,Closed,Fixed,17/06/2004 14:55,16/03/2008 05:36
COLLECTIONS-58,310363,COLLECTIONS,Bug,Closed,Fixed,08/09/2003 13:29,16/03/2008 05:36
COLLECTIONS-57,310364,COLLECTIONS,Bug,Closed,Fixed,20/06/2003 14:56,16/03/2008 05:36
COLLECTIONS-38,310383,COLLECTIONS,Bug,Closed,Fixed,03/06/2005 06:04,16/03/2008 05:35
COLLECTIONS-56,310365,COLLECTIONS,Bug,Closed,Fixed,16/12/2003 16:57,16/03/2008 05:36
COLLECTIONS-55,310366,COLLECTIONS,Bug,Closed,Fixed,16/05/2004 17:30,16/03/2008 05:35
COLLECTIONS-54,310367,COLLECTIONS,Bug,Closed,Fixed,14/09/2003 12:29,16/03/2008 05:35
COLLECTIONS-53,310368,COLLECTIONS,Bug,Closed,Fixed,15/07/2005 02:29,16/03/2008 05:35
COLLECTIONS-52,310369,COLLECTIONS,Bug,Closed,Fixed,10/07/2004 16:52,16/03/2008 05:35
COLLECTIONS-51,310370,COLLECTIONS,Bug,Closed,Incomplete,23/02/2006 09:15,16/03/2008 05:35
COLLECTIONS-50,310371,COLLECTIONS,Bug,Closed,Won't Fix,21/11/2003 01:42,16/03/2008 05:35
COLLECTIONS-49,310372,COLLECTIONS,Bug,Closed,Won't Fix,09/04/2005 02:48,16/03/2008 05:35
COLLECTIONS-37,310384,COLLECTIONS,Bug,Closed,Won't Fix,24/08/2004 07:22,16/03/2008 05:35
COLLECTIONS-48,310373,COLLECTIONS,Bug,Closed,Fixed,30/04/2005 14:33,16/03/2008 05:35
COLLECTIONS-47,310374,COLLECTIONS,Bug,Closed,Fixed,31/08/2003 16:35,16/03/2008 05:35
COLLECTIONS-46,310375,COLLECTIONS,Bug,Closed,Won't Fix,31/07/2004 03:26,16/03/2008 05:35
COLLECTIONS-45,310376,COLLECTIONS,Bug,Closed,Cannot Reproduce,16/02/2006 12:26,16/03/2008 05:35
COLLECTIONS-44,310377,COLLECTIONS,Bug,Closed,Fixed,12/07/2002 05:05,16/03/2008 05:35
COLLECTIONS-43,310378,COLLECTIONS,Bug,Closed,Fixed,17/10/2005 12:03,16/03/2008 05:35
COLLECTIONS-42,310379,COLLECTIONS,Bug,Closed,Cannot Reproduce,02/03/2005 09:11,16/03/2008 05:35
COLLECTIONS-41,310380,COLLECTIONS,Bug,Closed,Fixed,07/08/2002 21:39,16/03/2008 05:35
COLLECTIONS-40,310381,COLLECTIONS,Bug,Closed,Fixed,04/03/2003 11:47,16/03/2008 05:35
COLLECTIONS-39,310382,COLLECTIONS,Bug,Closed,Fixed,06/08/2004 09:23,16/03/2008 05:35
COLLECTIONS-35,310386,COLLECTIONS,Bug,Closed,Fixed,08/11/2003 20:22,14/07/2006 20:05
COLLECTIONS-34,310387,COLLECTIONS,Bug,Closed,Fixed,12/05/2001 13:46,16/03/2008 05:35
COLLECTIONS-33,310388,COLLECTIONS,Bug,Closed,Fixed,23/05/2005 08:28,16/03/2008 05:35
COLLECTIONS-32,310389,COLLECTIONS,Bug,Closed,Fixed,11/06/2004 23:47,16/03/2008 05:35
COLLECTIONS-31,310390,COLLECTIONS,Bug,Closed,Fixed,18/09/2003 15:13,16/03/2008 05:35
COLLECTIONS-30,310391,COLLECTIONS,Bug,Closed,Duplicate,10/02/2006 06:45,16/03/2008 05:35
COLLECTIONS-29,310392,COLLECTIONS,Bug,Closed,Invalid,16/05/2006 05:27,19/07/2006 06:04
COLLECTIONS-28,310393,COLLECTIONS,Bug,Closed,Fixed,19/10/2002 00:10,16/03/2008 05:35
COLLECTIONS-27,310394,COLLECTIONS,Bug,Closed,Fixed,24/02/2004 06:21,16/03/2008 05:35
COLLECTIONS-23,310398,COLLECTIONS,Bug,Closed,Fixed,30/07/2002 11:08,16/03/2008 05:35
COLLECTIONS-22,310399,COLLECTIONS,Bug,Closed,Fixed,09/01/2003 09:24,16/03/2008 05:35
COLLECTIONS-21,310400,COLLECTIONS,Bug,Closed,Fixed,01/11/2002 15:20,16/03/2008 05:35
COLLECTIONS-20,310401,COLLECTIONS,Bug,Closed,Fixed,17/09/2003 11:05,16/03/2008 05:35
COLLECTIONS-19,310402,COLLECTIONS,Bug,Closed,Fixed,31/08/2003 16:58,16/03/2008 05:35
COLLECTIONS-18,310403,COLLECTIONS,Bug,Closed,Fixed,05/11/2004 16:45,16/03/2008 05:35
COLLECTIONS-17,310404,COLLECTIONS,Bug,Closed,Fixed,24/11/2005 06:00,16/03/2008 05:35
COLLECTIONS-16,310405,COLLECTIONS,Bug,Closed,Fixed,18/01/2003 14:16,14/07/2006 20:05
COLLECTIONS-15,310406,COLLECTIONS,Bug,Closed,Won't Fix,04/06/2004 01:43,16/03/2008 05:35
COLLECTIONS-14,310407,COLLECTIONS,Bug,Closed,Fixed,07/07/2005 07:44,16/03/2008 05:35
COLLECTIONS-13,310408,COLLECTIONS,Bug,Closed,Fixed,17/01/2005 15:34,16/03/2008 05:35
COLLECTIONS-12,310409,COLLECTIONS,Bug,Closed,Cannot Reproduce,03/11/2005 15:59,20/07/2006 06:01
COLLECTIONS-11,310410,COLLECTIONS,Bug,Closed,Cannot Reproduce,11/11/2005 09:05,16/03/2008 05:35
COLLECTIONS-10,310411,COLLECTIONS,Bug,Closed,Fixed,20/07/2004 11:40,16/03/2008 05:35
COLLECTIONS-9,310412,COLLECTIONS,Bug,Closed,Fixed,07/01/2004 15:27,16/03/2008 05:35
COLLECTIONS-8,310413,COLLECTIONS,New Feature,Resolved,Fixed,15/05/2006 06:38,16/10/2010 04:46
COLLECTIONS-7,310414,COLLECTIONS,Bug,Closed,Fixed,12/10/2005 12:22,16/03/2008 05:35
COLLECTIONS-6,310415,COLLECTIONS,Bug,Closed,Fixed,27/08/2004 16:02,16/03/2008 05:35
COLLECTIONS-5,310416,COLLECTIONS,Bug,Closed,Fixed,11/09/2003 18:26,16/03/2008 05:35
COLLECTIONS-4,310417,COLLECTIONS,Bug,Closed,Fixed,20/10/2002 11:27,16/03/2008 05:35
COLLECTIONS-3,310418,COLLECTIONS,Bug,Closed,Cannot Reproduce,08/12/2004 11:39,17/06/2009 17:48
COLLECTIONS-2,310419,COLLECTIONS,Bug,Closed,Fixed,17/04/2003 02:28,16/03/2008 05:35
COLLECTIONS-1,310420,COLLECTIONS,Bug,Closed,Fixed,09/10/2003 08:57,14/07/2006 13:48
