Key,ID,Project,IssueType,IsSubtask,Status,Resolution,Created Date,Resolved Date
XMLBEANS-586,13420096,XMLBEANS,Task,false,Open,,2021-12-30 23:55:36,
XMLBEANS-585,13419914,XMLBEANS,Improvement,false,Open,,2021-12-29 19:05:23,
XMLBEANS-584,13419868,XMLBEANS,Improvement,false,Open,,2021-12-29 12:43:01,
XMLBEANS-583,13419034,XMLBEANS,Bug,false,Resolved,Fixed,2021-12-22 14:42:53,2021-12-23 19:13:50
XMLBEANS-582,13418690,XMLBEANS,Improvement,false,Open,,2021-12-20 20:09:12,
XMLBEANS-581,13417460,XMLBEANS,Bug,false,Closed,Information Provided,2021-12-14 14:16:43,2021-12-15 22:44:01
XMLBEANS-580,13416875,XMLBEANS,Improvement,false,Resolved,Fixed,2021-12-12 09:32:20,2021-12-27 13:59:01
XMLBEANS-579,13406801,XMLBEANS,Bug,false,Resolved,Fixed,2021-10-15 13:15:33,2021-12-27 13:59:42
XMLBEANS-578,13406549,XMLBEANS,Improvement,false,Resolved,Fixed,2021-10-14 11:57:38,2021-10-14 11:58:07
XMLBEANS-577,13406548,XMLBEANS,Improvement,false,Resolved,Fixed,2021-10-14 11:56:34,2021-10-14 11:57:09
XMLBEANS-576,13406547,XMLBEANS,Improvement,false,Resolved,Fixed,2021-10-14 11:40:35,2021-10-14 11:41:07
XMLBEANS-575,13406434,XMLBEANS,Improvement,false,Resolved,Fixed,2021-10-13 20:15:08,2021-10-13 21:15:45
XMLBEANS-574,13406343,XMLBEANS,Bug,false,Open,,2021-10-13 12:45:08,
XMLBEANS-573,13406321,XMLBEANS,Improvement,false,Open,,2021-10-13 10:49:08,
XMLBEANS-572,13404312,XMLBEANS,Bug,false,Closed,Fixed,2021-09-30 13:56:28,2021-10-13 13:23:03
XMLBEANS-571,13403184,XMLBEANS,Bug,false,Closed,Fixed,2021-09-24 15:30:44,2021-09-24 16:11:41
XMLBEANS-570,13401650,XMLBEANS,Bug,false,Open,,2021-09-16 11:44:30,
XMLBEANS-569,13399821,XMLBEANS,New Feature,false,Resolved,Fixed,2021-09-07 16:43:37,2021-10-21 00:05:55
XMLBEANS-568,13398386,XMLBEANS,Improvement,false,Open,,2021-08-31 07:33:02,
XMLBEANS-567,13389333,XMLBEANS,Task,false,Open,,2021-07-13 06:29:07,
XMLBEANS-566,13389220,XMLBEANS,Bug,false,Resolved,Fixed,2021-07-12 19:39:17,2021-10-21 00:04:58
XMLBEANS-565,13375169,XMLBEANS,Improvement,false,Closed,Fixed,2021-04-26 21:41:03,2021-04-26 21:57:04
XMLBEANS-564,13373030,XMLBEANS,Improvement,false,Closed,Fixed,2021-04-16 13:34:41,2021-04-23 21:43:42
XMLBEANS-563,13373028,XMLBEANS,Improvement,false,Closed,Fixed,2021-04-16 13:25:18,2021-04-28 22:03:32
XMLBEANS-562,13370339,XMLBEANS,Bug,false,Closed,Information Provided,2021-04-08 09:56:17,2021-09-06 14:56:09
XMLBEANS-561,13370262,XMLBEANS,Improvement,false,Open,,2021-04-08 03:55:20,
XMLBEANS-560,13370254,XMLBEANS,Bug,false,Open,,2021-04-08 02:55:00,
XMLBEANS-559,13366692,XMLBEANS,Bug,false,Closed,Fixed,2021-03-22 09:52:40,2021-06-22 20:52:05
XMLBEANS-558,13365374,XMLBEANS,Bug,false,Closed,Fixed,2021-03-15 23:29:29,2021-03-16 21:54:52
XMLBEANS-557,13361282,XMLBEANS,Bug,false,Closed,Fixed,2021-02-26 22:18:52,2021-03-14 17:52:56
XMLBEANS-556,13359404,XMLBEANS,Bug,false,Closed,Fixed,2021-02-18 18:06:50,2021-05-29 15:26:03
XMLBEANS-555,13357445,XMLBEANS,Bug,false,Closed,Fixed,2021-02-08 05:20:13,2021-06-22 22:39:54
XMLBEANS-554,13357442,XMLBEANS,Bug,false,Closed,Won't Fix,2021-02-08 04:45:18,2021-02-08 07:05:31
XMLBEANS-553,13356774,XMLBEANS,Bug,false,Closed,Invalid,2021-02-04 14:02:43,2021-02-05 10:38:53
XMLBEANS-552,13355225,XMLBEANS,Bug,false,Closed,Invalid,2021-01-28 15:36:50,2021-02-04 17:47:19
XMLBEANS-551,13345749,XMLBEANS,Improvement,false,Closed,Fixed,2020-12-13 20:16:35,2021-03-14 17:52:13
XMLBEANS-550,13323401,XMLBEANS,Bug,false,Open,,2020-08-18 17:01:41,
XMLBEANS-549,13294904,XMLBEANS,Bug,false,Open,,2020-03-30 06:02:46,
XMLBEANS-548,13266925,XMLBEANS,Bug,false,Closed,Fixed,2019-11-07 21:49:22,2020-06-09 15:45:25
XMLBEANS-547,13265309,XMLBEANS,New Feature,false,Open,,2019-10-30 14:02:11,
XMLBEANS-546,13258195,XMLBEANS,Bug,false,Closed,Fixed,2019-09-23 01:28:46,2021-06-22 22:13:48
XMLBEANS-545,13257708,XMLBEANS,Bug,false,Closed,Fixed,2019-09-19 14:39:32,2020-06-09 15:48:03
XMLBEANS-544,13257707,XMLBEANS,Bug,false,Closed,Fixed,2019-09-19 14:32:49,2020-06-09 15:48:44
XMLBEANS-543,13251964,XMLBEANS,New Feature,false,Closed,Not A Problem,2019-08-21 02:49:36,2019-08-24 09:23:02
XMLBEANS-542,13244412,XMLBEANS,Improvement,false,Resolved,Fixed,2019-07-11 16:26:05,2019-07-11 16:26:33
XMLBEANS-541,13234689,XMLBEANS,Improvement,false,Resolved,Fixed,2019-05-21 18:05:46,2019-06-11 10:37:30
XMLBEANS-540,13228247,XMLBEANS,Wish,false,Resolved,Fixed,2019-04-16 05:47:03,2019-04-18 08:20:16
XMLBEANS-539,13228182,XMLBEANS,Wish,false,Resolved,Fixed,2019-04-15 19:23:57,2020-06-09 15:55:44
XMLBEANS-538,13218342,XMLBEANS,Bug,false,Resolved,Fixed,2019-02-27 13:35:27,2019-03-14 04:50:45
XMLBEANS-537,13217877,XMLBEANS,Bug,false,Resolved,Fixed,2019-02-25 17:23:23,2019-03-03 09:05:31
XMLBEANS-536,13217700,XMLBEANS,Bug,false,Closed,Fixed,2019-02-24 23:22:42,2020-10-16 18:13:45
XMLBEANS-535,13217403,XMLBEANS,Bug,false,Closed,Works for Me,2019-02-22 10:10:20,2021-06-29 22:04:05
XMLBEANS-534,13217399,XMLBEANS,Bug,false,Closed,Duplicate,2019-02-22 09:51:50,2019-03-14 09:09:35
XMLBEANS-533,13214395,XMLBEANS,Bug,false,Open,,2019-02-07 14:46:10,
XMLBEANS-532,13210492,XMLBEANS,Bug,false,Closed,Fixed,2019-01-18 23:02:11,2019-01-19 22:12:31
XMLBEANS-531,13210488,XMLBEANS,Bug,false,Resolved,Fixed,2019-01-18 22:49:29,2019-01-19 11:42:02
XMLBEANS-530,13210486,XMLBEANS,Bug,false,Resolved,Fixed,2019-01-18 22:41:54,2019-01-19 11:41:36
XMLBEANS-529,13210484,XMLBEANS,Bug,false,Resolved,Fixed,2019-01-18 22:34:35,2019-01-19 11:41:04
XMLBEANS-528,13210483,XMLBEANS,Bug,false,Resolved,Fixed,2019-01-18 22:21:54,2019-01-19 11:40:40
XMLBEANS-527,13210479,XMLBEANS,Improvement,false,Resolved,Fixed,2019-01-18 22:09:56,2019-01-19 11:39:55
XMLBEANS-526,13206444,XMLBEANS,Bug,false,Resolved,Fixed,2018-12-26 10:46:06,2019-01-19 11:40:11
XMLBEANS-525,13200358,XMLBEANS,Improvement,false,Resolved,Won't Fix,2018-11-24 13:06:06,2019-03-03 09:10:54
XMLBEANS-524,13195666,XMLBEANS,Bug,false,Closed,Duplicate,2018-11-01 14:15:25,2018-12-04 00:41:38
XMLBEANS-523,13194109,XMLBEANS,Bug,false,Closed,Invalid,2018-10-25 09:48:01,2019-01-28 18:11:44
XMLBEANS-522,13190344,XMLBEANS,Wish,false,Closed,Not A Problem,2018-10-09 11:30:43,2019-03-03 09:12:53
XMLBEANS-521,13190036,XMLBEANS,Wish,false,Resolved,Fixed,2018-10-08 08:56:26,2019-03-03 14:30:01
XMLBEANS-520,13184468,XMLBEANS,Bug,false,Closed,Fixed,2018-09-11 21:06:35,2018-09-18 09:22:54
XMLBEANS-519,13183658,XMLBEANS,Bug,false,Resolved,Fixed,2018-09-07 15:21:40,2018-09-07 15:22:46
XMLBEANS-518,13179757,XMLBEANS,Improvement,false,Resolved,Fixed,2018-08-18 14:45:17,2018-08-18 14:47:24
XMLBEANS-517,13165180,XMLBEANS,Improvement,false,Resolved,Fixed,2018-06-10 11:58:56,2018-06-10 11:59:09
XMLBEANS-516,13162246,XMLBEANS,Improvement,false,Resolved,Fixed,2018-05-26 16:19:01,2018-05-26 16:19:19
XMLBEANS-515,13162214,XMLBEANS,Improvement,false,Resolved,Fixed,2018-05-26 08:45:00,2018-05-26 08:45:17
XMLBEANS-514,13162213,XMLBEANS,Improvement,false,Resolved,Fixed,2018-05-26 08:43:59,2018-05-26 08:44:19
XMLBEANS-513,12755378,XMLBEANS,Bug,false,Open,,2014-11-14 14:50:47,
XMLBEANS-512,12722797,XMLBEANS,Bug,false,Closed,Workaround,2014-06-20 15:19:14,2018-12-17 18:58:23
XMLBEANS-511,12702666,XMLBEANS,Bug,false,Resolved,Fixed,2014-03-20 16:14:21,2018-10-18 22:33:50
XMLBEANS-510,12690733,XMLBEANS,Bug,false,Open,,2014-01-23 09:53:17,
XMLBEANS-509,12685060,XMLBEANS,Bug,false,Closed,Cannot Reproduce,2013-12-16 22:55:38,2019-03-03 14:32:30
XMLBEANS-508,12679225,XMLBEANS,Bug,false,Open,,2013-11-14 14:40:39,
XMLBEANS-507,12676166,XMLBEANS,Bug,false,Closed,Duplicate,2013-10-28 17:14:07,2018-10-18 22:38:20
XMLBEANS-506,12670973,XMLBEANS,Bug,false,Resolved,Fixed,2013-09-27 17:03:23,2018-10-18 21:56:19
XMLBEANS-505,12664303,XMLBEANS,New Feature,false,Closed,Invalid,2013-08-19 06:19:22,2013-08-19 16:39:41
XMLBEANS-504,12663880,XMLBEANS,Bug,false,Open,,2013-08-15 16:41:57,
XMLBEANS-503,12658996,XMLBEANS,New Feature,false,Closed,Fixed,2013-07-22 01:56:22,2019-03-03 14:49:55
XMLBEANS-502,12655084,XMLBEANS,Bug,false,Resolved,Fixed,2013-06-27 07:27:29,2019-03-10 20:18:20
XMLBEANS-501,12652483,XMLBEANS,Improvement,false,Open,,2013-06-12 20:16:28,
XMLBEANS-500,12651184,XMLBEANS,Bug,false,Open,,2013-06-05 18:51:58,
XMLBEANS-499,12638218,XMLBEANS,Bug,false,Resolved,Fixed,2013-03-21 11:47:04,2018-05-26 08:42:55
XMLBEANS-498,12633363,XMLBEANS,Bug,false,Open,,2013-02-21 09:48:28,
XMLBEANS-497,12630963,XMLBEANS,Bug,false,Closed,Duplicate,2013-02-05 22:37:06,2018-05-31 22:32:35
XMLBEANS-496,12627094,XMLBEANS,Bug,false,Open,,2013-01-11 00:58:08,
XMLBEANS-495,12622887,XMLBEANS,Bug,false,Resolved,Fixed,2012-12-07 09:48:06,2021-10-21 00:05:21
XMLBEANS-494,12622636,XMLBEANS,Bug,false,Resolved,Cannot Reproduce,2012-12-06 21:55:11,2012-12-07 06:14:18
XMLBEANS-493,12617671,XMLBEANS,Bug,false,Resolved,Fixed,2012-11-26 19:38:05,2013-06-05 18:03:14
XMLBEANS-492,12614033,XMLBEANS,Bug,false,Open,,2012-10-30 14:53:30,
XMLBEANS-491,12611366,XMLBEANS,Bug,false,Open,,2012-10-11 15:03:44,
XMLBEANS-490,12608658,XMLBEANS,Bug,false,Closed,Not A Problem,2012-09-21 15:47:04,2012-09-22 07:51:58
XMLBEANS-489,12608536,XMLBEANS,Bug,false,Resolved,Fixed,2012-09-20 21:18:06,2018-06-13 21:44:37
XMLBEANS-488,12606491,XMLBEANS,Bug,false,Closed,Duplicate,2012-09-06 21:32:20,2018-05-31 22:42:38
XMLBEANS-487,12606426,XMLBEANS,Bug,false,Closed,Fixed,2012-09-06 16:13:48,2021-06-28 21:29:16
XMLBEANS-486,12606194,XMLBEANS,New Feature,false,Closed,Fixed,2012-09-05 02:48:54,2021-02-28 02:10:10
XMLBEANS-485,12598587,XMLBEANS,Bug,false,Closed,Cannot Reproduce,2012-07-12 17:42:27,2021-05-28 20:36:06
XMLBEANS-484,12598550,XMLBEANS,Bug,false,Resolved,Fixed,2012-07-12 13:26:36,2012-07-12 21:57:43
XMLBEANS-483,12560641,XMLBEANS,Bug,false,Closed,Invalid,2012-06-14 13:48:29,2021-05-28 20:40:12
XMLBEANS-482,12553956,XMLBEANS,Bug,false,Resolved,Cannot Reproduce,2012-05-04 16:14:12,2012-05-04 22:42:50
XMLBEANS-481,12553827,XMLBEANS,Improvement,false,Closed,Fixed,2012-05-03 20:27:29,2021-06-22 22:38:25
XMLBEANS-480,12549536,XMLBEANS,Improvement,false,Open,,2012-04-04 16:58:59,
XMLBEANS-479,12541949,XMLBEANS,Bug,false,Resolved,Cannot Reproduce,2012-02-09 09:54:26,2012-05-04 23:08:32
XMLBEANS-478,12540134,XMLBEANS,Bug,false,Resolved,Fixed,2012-01-27 14:59:59,2012-02-07 23:31:11
XMLBEANS-477,12538969,XMLBEANS,Bug,false,Closed,Won't Fix,2012-01-19 14:00:57,2021-05-29 15:34:47
XMLBEANS-476,12538347,XMLBEANS,Improvement,false,Open,,2012-01-13 18:15:32,
XMLBEANS-475,12537583,XMLBEANS,Bug,false,Closed,Invalid,2012-01-06 20:58:56,2021-06-23 20:48:29
XMLBEANS-474,12537565,XMLBEANS,Bug,false,Open,,2012-01-06 18:46:36,
XMLBEANS-473,12535897,XMLBEANS,Bug,false,Open,,2011-12-20 20:21:42,
XMLBEANS-472,12535189,XMLBEANS,Task,false,Resolved,Fixed,2011-12-14 18:37:08,2018-10-23 19:42:44
XMLBEANS-471,12534259,XMLBEANS,Bug,false,Open,,2011-12-07 21:57:32,
XMLBEANS-470,12527452,XMLBEANS,Bug,false,Open,,2011-10-17 14:09:16,
XMLBEANS-469,12522313,XMLBEANS,Bug,false,Closed,Not A Problem,2011-09-08 20:28:52,2011-09-09 16:01:18
XMLBEANS-468,12518325,XMLBEANS,Improvement,false,Closed,Abandoned,2011-08-09 14:55:23,2011-10-06 03:05:20
XMLBEANS-467,12517867,XMLBEANS,Bug,false,Open,,2011-08-03 23:03:42,
XMLBEANS-466,12517797,XMLBEANS,Improvement,false,Closed,Abandoned,2011-08-03 14:36:19,2011-10-06 03:08:38
XMLBEANS-465,12517795,XMLBEANS,Task,false,Closed,Abandoned,2011-08-03 14:19:45,2011-10-06 03:05:50
XMLBEANS-464,12516858,XMLBEANS,Improvement,false,Closed,Abandoned,2011-08-02 02:38:12,2011-10-06 03:07:59
XMLBEANS-463,12515869,XMLBEANS,Improvement,false,Closed,Abandoned,2011-07-31 15:02:04,2011-10-06 03:06:05
XMLBEANS-462,12515854,XMLBEANS,Task,false,Closed,Abandoned,2011-07-30 23:08:52,2011-10-06 03:07:39
XMLBEANS-461,12515853,XMLBEANS,Improvement,false,Closed,Abandoned,2011-07-30 22:31:29,2011-10-06 03:06:23
XMLBEANS-460,12515786,XMLBEANS,New Feature,false,Closed,Abandoned,2011-07-29 15:26:06,2011-10-06 03:07:17
XMLBEANS-459,12515776,XMLBEANS,New Feature,false,Closed,Abandoned,2011-07-29 13:47:06,2011-10-06 03:06:44
XMLBEANS-458,12515773,XMLBEANS,Improvement,false,Closed,Abandoned,2011-07-29 13:32:01,2011-10-06 03:07:01
XMLBEANS-457,12509609,XMLBEANS,Bug,false,Closed,Fixed,2011-06-08 16:04:34,2021-05-28 20:44:21
XMLBEANS-456,12507644,XMLBEANS,Bug,false,Closed,Cannot Reproduce,2011-05-18 19:15:02,2021-02-28 01:20:42
XMLBEANS-455,12507335,XMLBEANS,Bug,false,Open,,2011-05-16 08:01:05,
XMLBEANS-454,12504496,XMLBEANS,Bug,false,Closed,Not A Problem,2011-04-17 18:35:00,2011-04-23 23:27:04
XMLBEANS-453,12503826,XMLBEANS,Bug,false,Open,,2011-04-09 11:39:57,
XMLBEANS-452,12500600,XMLBEANS,Bug,false,Open,,2011-03-07 09:15:16,
XMLBEANS-451,12499880,XMLBEANS,Bug,false,Closed,Won't Fix,2011-02-27 23:51:38,2021-09-01 11:59:17
XMLBEANS-450,12499195,XMLBEANS,Task,false,Closed,Incomplete,2011-02-21 06:39:30,2011-02-22 18:10:12
XMLBEANS-449,12493571,XMLBEANS,Bug,false,Resolved,Won't Fix,2010-12-18 01:47:54,2018-10-23 19:44:39
XMLBEANS-448,12480447,XMLBEANS,Improvement,false,Open,,2010-11-19 20:50:56,
XMLBEANS-447,12479204,XMLBEANS,Improvement,false,Resolved,Fixed,2010-11-05 14:05:38,2018-05-31 22:51:07
XMLBEANS-446,12478324,XMLBEANS,Bug,false,Open,,2010-10-26 12:01:21,
XMLBEANS-445,12477754,XMLBEANS,Wish,false,Resolved,Fixed,2010-10-19 15:25:02,2018-10-23 19:46:37
XMLBEANS-444,12476698,XMLBEANS,Bug,false,Resolved,Fixed,2010-10-06 18:48:38,2018-10-23 19:47:16
XMLBEANS-443,12474724,XMLBEANS,Bug,false,Open,,2010-09-21 16:49:10,
XMLBEANS-442,12468709,XMLBEANS,Improvement,false,Open,,2010-07-07 10:10:34,
XMLBEANS-441,12468457,XMLBEANS,Bug,false,Open,,2010-07-02 20:42:08,
XMLBEANS-440,12466234,XMLBEANS,Bug,false,Open,,2010-06-05 00:37:40,
XMLBEANS-439,12465349,XMLBEANS,Bug,false,Closed,Duplicate,2010-05-25 08:18:23,2018-10-26 20:15:48
XMLBEANS-438,12464167,XMLBEANS,Improvement,false,Open,,2010-05-10 18:41:32,
XMLBEANS-437,12464010,XMLBEANS,Task,false,Resolved,Fixed,2010-05-07 17:49:12,2018-10-23 19:50:25
XMLBEANS-436,12462097,XMLBEANS,Bug,false,Open,,2010-04-15 00:36:55,
XMLBEANS-435,12461953,XMLBEANS,Improvement,false,Open,,2010-04-13 14:31:59,
XMLBEANS-434,12461713,XMLBEANS,Bug,false,Open,,2010-04-10 15:07:10,
XMLBEANS-433,12461248,XMLBEANS,Bug,false,Open,,2010-04-06 12:56:34,
XMLBEANS-432,12461100,XMLBEANS,Improvement,false,Open,,2010-04-03 17:15:29,
XMLBEANS-431,12457451,XMLBEANS,Bug,false,Open,,2010-02-25 16:16:10,
XMLBEANS-429,12445214,XMLBEANS,Bug,false,Open,,2010-01-11 20:48:17,
XMLBEANS-428,12444857,XMLBEANS,Bug,false,Open,,2010-01-07 01:06:25,
XMLBEANS-427,12444590,XMLBEANS,Bug,false,Resolved,Invalid,2010-01-04 14:37:07,2011-09-16 17:09:02
XMLBEANS-426,12443285,XMLBEANS,Bug,false,Open,,2009-12-14 18:02:23,
XMLBEANS-425,12443249,XMLBEANS,Bug,false,Resolved,Works for Me,2009-12-14 09:47:17,2022-01-02 21:30:45
XMLBEANS-424,12441461,XMLBEANS,Bug,false,Open,,2009-11-23 13:58:29,
XMLBEANS-423,12440333,XMLBEANS,Bug,false,Resolved,Cannot Reproduce,2009-11-10 21:19:59,2022-01-02 21:40:29
XMLBEANS-422,12440265,XMLBEANS,Bug,false,Open,,2009-11-10 09:04:13,
XMLBEANS-421,12439861,XMLBEANS,Bug,false,Open,,2009-11-04 15:30:57,
XMLBEANS-420,12439183,XMLBEANS,Bug,false,Resolved,Invalid,2009-10-27 14:41:08,2009-10-28 14:43:17
XMLBEANS-419,12438840,XMLBEANS,Bug,false,Open,,2009-10-22 19:54:34,
XMLBEANS-418,12438153,XMLBEANS,New Feature,false,Open,,2009-10-15 02:01:25,
XMLBEANS-417,12438151,XMLBEANS,New Feature,false,Open,,2009-10-15 01:51:26,
XMLBEANS-416,12438150,XMLBEANS,Bug,false,Open,,2009-10-15 01:47:37,
XMLBEANS-415,12437192,XMLBEANS,Bug,false,Resolved,Fixed,2009-10-03 16:08:40,2009-10-11 17:00:50
XMLBEANS-414,12432962,XMLBEANS,Bug,false,Open,,2009-08-13 09:51:34,
XMLBEANS-413,12432790,XMLBEANS,Wish,false,Open,,2009-08-11 15:22:47,
XMLBEANS-412,12431455,XMLBEANS,Bug,false,Open,,2009-07-26 11:44:26,
XMLBEANS-411,12429409,XMLBEANS,Bug,false,Closed,Won't Fix,2009-07-02 17:33:15,2009-08-11 19:15:17
XMLBEANS-410,12426917,XMLBEANS,Bug,false,Resolved,Fixed,2009-06-02 12:27:51,2009-10-15 22:09:21
XMLBEANS-409,12426356,XMLBEANS,Bug,false,Open,,2009-05-26 14:59:53,
XMLBEANS-408,12426024,XMLBEANS,Improvement,false,Resolved,Invalid,2009-05-21 15:03:23,2009-05-21 17:03:13
XMLBEANS-407,12425759,XMLBEANS,Bug,false,Open,,2009-05-18 20:30:11,
XMLBEANS-406,12424045,XMLBEANS,Bug,false,Open,,2009-04-28 15:42:57,
XMLBEANS-405,12422432,XMLBEANS,Bug,false,Open,,2009-04-09 02:24:28,
XMLBEANS-404,12417204,XMLBEANS,Bug,false,Resolved,Fixed,2009-03-18 18:51:18,2018-05-26 08:42:34
XMLBEANS-403,12416796,XMLBEANS,Bug,false,Open,,2009-03-12 22:02:45,
XMLBEANS-402,12416117,XMLBEANS,New Feature,false,Resolved,Won't Fix,2009-03-04 16:03:29,2009-03-04 18:57:52
XMLBEANS-401,12415996,XMLBEANS,Bug,false,Closed,Invalid,2009-03-03 11:18:43,2009-03-05 00:15:01
XMLBEANS-400,12415656,XMLBEANS,Test,false,Closed,Invalid,2009-02-26 11:49:16,2009-02-26 17:26:54
XMLBEANS-399,12415043,XMLBEANS,Bug,false,Closed,Invalid,2009-02-18 12:32:18,2009-02-18 15:58:28
XMLBEANS-398,12414946,XMLBEANS,Improvement,false,Closed,Invalid,2009-02-17 12:43:42,2009-02-18 01:28:59
XMLBEANS-397,12414920,XMLBEANS,Bug,false,Closed,Fixed,2009-02-17 07:24:45,2009-02-18 01:21:49
XMLBEANS-396,12414892,XMLBEANS,Bug,false,Resolved,Fixed,2009-02-16 20:17:36,2010-09-28 22:36:21
XMLBEANS-395,12414688,XMLBEANS,Bug,false,Resolved,Won't Fix,2009-02-12 19:30:50,2009-10-15 23:40:26
XMLBEANS-394,12412993,XMLBEANS,Bug,false,Closed,Won't Fix,2009-01-22 13:37:07,2021-05-29 15:28:27
XMLBEANS-393,12411015,XMLBEANS,Bug,false,Closed,Invalid,2008-12-18 22:20:37,2009-01-22 15:41:15
XMLBEANS-392,12410362,XMLBEANS,Improvement,false,Open,,2008-12-10 13:16:02,
XMLBEANS-391,12409366,XMLBEANS,Bug,false,Resolved,Cannot Reproduce,2008-11-27 02:59:06,2022-01-02 21:54:27
XMLBEANS-390,12409258,XMLBEANS,Bug,false,Open,,2008-11-26 09:58:05,
XMLBEANS-389,12408427,XMLBEANS,Bug,false,Open,,2008-11-13 13:19:55,
XMLBEANS-388,12407801,XMLBEANS,Bug,false,Resolved,Fixed,2008-11-04 17:37:35,2009-01-14 17:08:01
XMLBEANS-387,12407552,XMLBEANS,Bug,false,Open,,2008-10-30 20:29:06,
XMLBEANS-386,12407286,XMLBEANS,Bug,false,Resolved,Invalid,2008-10-27 16:32:47,2008-10-27 20:36:36
XMLBEANS-385,12406682,XMLBEANS,Bug,false,Resolved,Duplicate,2008-10-17 13:36:48,2009-10-15 23:51:51
XMLBEANS-384,12406505,XMLBEANS,Bug,false,Resolved,Won't Fix,2008-10-15 16:19:25,2009-10-26 21:01:57
XMLBEANS-383,12406166,XMLBEANS,Bug,false,Resolved,Cannot Reproduce,2008-10-10 10:25:40,2009-10-15 23:49:19
XMLBEANS-382,12405351,XMLBEANS,Bug,false,Open,,2008-09-29 08:16:25,
XMLBEANS-381,12403760,XMLBEANS,Bug,false,Resolved,Fixed,2008-09-05 15:31:37,2008-12-03 03:05:37
XMLBEANS-380,12403238,XMLBEANS,Bug,false,Resolved,Incomplete,2008-08-28 09:44:19,2009-10-15 23:48:02
XMLBEANS-379,12402401,XMLBEANS,Bug,false,Open,,2008-08-14 19:21:16,
XMLBEANS-378,12401204,XMLBEANS,Wish,false,Closed,Abandoned,2008-07-29 00:42:08,2021-04-26 21:26:01
XMLBEANS-377,12400485,XMLBEANS,Bug,false,Open,,2008-07-17 15:26:17,
XMLBEANS-376,12399855,XMLBEANS,Bug,false,Closed,Fixed,2008-07-08 23:08:49,2018-07-09 22:16:25
XMLBEANS-375,12398601,XMLBEANS,Bug,false,Open,,2008-06-19 17:23:56,
XMLBEANS-374,12398393,XMLBEANS,Bug,false,Resolved,Fixed,2008-06-17 05:04:51,2008-06-21 01:09:22
XMLBEANS-373,12396360,XMLBEANS,Improvement,false,Closed,Fixed,2008-05-20 02:14:04,2009-11-02 20:40:03
XMLBEANS-372,12394689,XMLBEANS,Bug,false,Open,,2008-04-24 10:52:38,
XMLBEANS-371,12394688,XMLBEANS,Bug,false,Open,,2008-04-24 10:29:05,
XMLBEANS-370,12394481,XMLBEANS,Bug,false,Resolved,Won't Fix,2008-04-21 22:03:39,2009-06-27 08:40:48
XMLBEANS-369,12393353,XMLBEANS,Bug,false,Resolved,Fixed,2008-04-07 22:53:57,2008-04-17 19:55:19
XMLBEANS-368,12392992,XMLBEANS,Bug,false,Resolved,Fixed,2008-04-03 03:08:18,2008-04-03 21:28:33
XMLBEANS-367,12392382,XMLBEANS,Improvement,false,Closed,Fixed,2008-03-26 20:14:25,2009-11-02 20:38:58
XMLBEANS-366,12392370,XMLBEANS,New Feature,false,Open,,2008-03-26 18:09:22,
XMLBEANS-365,12391624,XMLBEANS,Bug,false,Closed,Won't Fix,2008-03-17 14:12:37,2009-11-03 01:10:00
XMLBEANS-364,12391447,XMLBEANS,Bug,false,Open,,2008-03-14 14:00:30,
XMLBEANS-363,12391445,XMLBEANS,Bug,false,Closed,Invalid,2008-03-14 13:49:27,2008-03-14 13:59:06
XMLBEANS-362,12389339,XMLBEANS,Bug,false,Open,,2008-02-22 19:16:35,
XMLBEANS-361,12389096,XMLBEANS,Bug,false,Resolved,Fixed,2008-02-20 10:15:38,2008-03-27 22:49:37
XMLBEANS-360,12386852,XMLBEANS,Bug,false,Resolved,Fixed,2008-01-22 14:02:30,2008-04-22 20:39:50
XMLBEANS-359,12385844,XMLBEANS,Bug,false,Resolved,Invalid,2008-01-09 09:47:45,2008-01-09 10:12:05
XMLBEANS-358,12385726,XMLBEANS,Bug,false,Open,,2008-01-07 21:22:17,
XMLBEANS-357,12385273,XMLBEANS,Bug,false,Open,,2007-12-28 11:03:01,
XMLBEANS-356,12384456,XMLBEANS,Bug,false,Resolved,Fixed,2007-12-12 03:50:08,2008-03-27 22:43:19
XMLBEANS-355,12384455,XMLBEANS,Bug,false,Closed,Invalid,2007-12-12 03:32:47,2007-12-12 03:48:18
XMLBEANS-354,12384246,XMLBEANS,Bug,false,Open,,2007-12-08 16:19:57,
XMLBEANS-353,12384091,XMLBEANS,Bug,false,Closed,Fixed,2007-12-06 17:10:39,2010-08-24 19:21:17
XMLBEANS-352,12383934,XMLBEANS,Bug,false,Open,,2007-12-05 01:53:03,
XMLBEANS-351,12382412,XMLBEANS,Bug,false,Open,,2007-11-13 09:46:48,
XMLBEANS-350,12382407,XMLBEANS,Bug,false,Resolved,Fixed,2007-11-13 08:40:30,2010-06-09 19:58:46
XMLBEANS-349,12382334,XMLBEANS,Bug,false,Closed,Fixed,2007-11-12 11:40:08,2007-11-12 13:55:35
XMLBEANS-348,12381981,XMLBEANS,Bug,false,Open,,2007-11-07 02:15:12,
XMLBEANS-347,12381980,XMLBEANS,Bug,false,Open,,2007-11-07 02:02:23,
XMLBEANS-346,12380898,XMLBEANS,Bug,false,Resolved,Won't Fix,2007-10-22 11:32:46,2009-10-09 20:56:28
XMLBEANS-345,12380681,XMLBEANS,Bug,false,Resolved,Invalid,2007-10-18 13:25:27,2008-03-28 00:18:22
XMLBEANS-344,12377906,XMLBEANS,Bug,false,Open,,2007-09-10 18:10:19,
XMLBEANS-343,12376949,XMLBEANS,Bug,false,Resolved,Won't Fix,2007-08-27 19:01:25,2007-08-27 19:27:10
XMLBEANS-342,12376655,XMLBEANS,Bug,false,Resolved,Won't Fix,2007-08-23 01:04:20,2018-10-23 19:17:06
XMLBEANS-341,12375289,XMLBEANS,New Feature,false,Resolved,Fixed,2007-08-03 12:24:06,2008-03-27 22:45:31
XMLBEANS-340,12374306,XMLBEANS,Bug,false,Reopened,,2007-07-21 00:40:11,
XMLBEANS-339,12374222,XMLBEANS,Bug,false,Open,,2007-07-20 01:02:57,
XMLBEANS-338,12372675,XMLBEANS,Bug,false,Closed,Cannot Reproduce,2007-06-29 09:10:08,2007-12-17 21:50:33
XMLBEANS-337,12372599,XMLBEANS,Bug,false,Resolved,Fixed,2007-06-28 15:52:39,2007-07-12 17:34:24
XMLBEANS-336,12372460,XMLBEANS,Bug,false,Open,,2007-06-26 18:41:41,
XMLBEANS-335,12372344,XMLBEANS,Bug,false,Resolved,Fixed,2007-06-25 13:30:25,2007-07-12 17:05:40
XMLBEANS-334,12371270,XMLBEANS,Bug,false,Resolved,Invalid,2007-06-08 16:43:51,2009-11-13 02:23:51
XMLBEANS-333,12371201,XMLBEANS,Bug,false,Open,,2007-06-08 00:49:53,
XMLBEANS-332,12370539,XMLBEANS,Bug,false,Resolved,Fixed,2007-05-30 15:10:42,2018-05-26 08:41:01
XMLBEANS-331,12370282,XMLBEANS,Bug,false,Open,,2007-05-25 15:21:39,
XMLBEANS-330,12368850,XMLBEANS,Bug,false,Closed,Duplicate,2007-05-08 16:53:15,2007-05-08 17:07:23
XMLBEANS-329,12368671,XMLBEANS,Bug,false,Resolved,Duplicate,2007-05-04 15:58:16,2007-05-14 00:46:20
XMLBEANS-328,12368305,XMLBEANS,Bug,false,Open,,2007-04-30 12:12:20,
XMLBEANS-327,12367664,XMLBEANS,Bug,false,Resolved,Won't Fix,2007-04-20 11:11:43,2007-04-20 15:00:20
XMLBEANS-326,12367563,XMLBEANS,Bug,false,Open,,2007-04-19 11:35:05,
XMLBEANS-325,12367444,XMLBEANS,Bug,false,Open,,2007-04-18 08:40:30,
XMLBEANS-324,12367252,XMLBEANS,Bug,false,Resolved,Fixed,2007-04-16 07:58:55,2007-05-11 19:46:04
XMLBEANS-323,12367217,XMLBEANS,Improvement,false,Resolved,Fixed,2007-04-15 06:14:15,2007-04-26 23:49:38
XMLBEANS-322,12366874,XMLBEANS,Bug,false,Open,,2007-04-10 07:14:03,
XMLBEANS-321,12366377,XMLBEANS,Bug,false,Open,,2007-04-02 08:48:30,
XMLBEANS-320,12365878,XMLBEANS,Bug,false,Closed,Invalid,2007-03-27 08:33:28,2007-04-03 16:19:19
XMLBEANS-319,12365662,XMLBEANS,Bug,false,Open,,2007-03-23 14:13:37,
XMLBEANS-318,12364796,XMLBEANS,Bug,false,Closed,Won't Fix,2007-03-13 10:58:08,2007-04-25 15:23:14
XMLBEANS-317,12364002,XMLBEANS,Bug,false,Open,,2007-03-02 21:50:02,
XMLBEANS-316,12363789,XMLBEANS,Bug,false,Open,,2007-02-28 15:09:35,
XMLBEANS-315,12363325,XMLBEANS,Bug,false,Resolved,Fixed,2007-02-21 16:44:04,2007-03-08 00:51:35
XMLBEANS-314,12363063,XMLBEANS,Bug,false,Resolved,Fixed,2007-02-17 02:56:43,2007-03-08 01:07:33
XMLBEANS-313,12362848,XMLBEANS,Bug,false,Open,,2007-02-15 00:08:38,
XMLBEANS-312,12362111,XMLBEANS,Wish,false,Resolved,Cannot Reproduce,2007-02-06 16:32:57,2007-03-08 01:12:25
XMLBEANS-311,12361699,XMLBEANS,Bug,false,Resolved,Fixed,2007-01-31 23:36:31,2007-02-01 00:06:27
XMLBEANS-310,12360997,XMLBEANS,Bug,false,Resolved,Won't Fix,2007-01-22 14:30:53,2009-11-13 02:40:04
XMLBEANS-309,12360629,XMLBEANS,Improvement,false,Resolved,Fixed,2007-01-16 20:24:58,2008-03-29 02:07:56
XMLBEANS-308,12359811,XMLBEANS,Improvement,false,Closed,Fixed,2007-01-04 17:18:36,2007-12-17 22:44:32
XMLBEANS-307,12359657,XMLBEANS,Bug,false,Resolved,Fixed,2007-01-02 19:00:49,2007-03-09 10:42:10
XMLBEANS-306,12359155,XMLBEANS,Bug,false,Open,,2006-12-20 21:40:38,
XMLBEANS-305,12358090,XMLBEANS,Bug,false,Closed,Invalid,2006-12-08 02:25:48,2009-10-25 01:21:36
XMLBEANS-304,12357829,XMLBEANS,Bug,false,Open,,2006-12-05 21:47:57,
XMLBEANS-303,12357828,XMLBEANS,Bug,false,Resolved,Won't Fix,2006-12-05 21:44:23,2006-12-07 15:43:04
XMLBEANS-302,12357827,XMLBEANS,New Feature,false,Open,,2006-12-05 21:42:43,
XMLBEANS-301,12357824,XMLBEANS,Bug,false,Resolved,Won't Fix,2006-12-05 21:35:40,2006-12-07 17:37:33
XMLBEANS-300,12357809,XMLBEANS,Bug,false,Resolved,Fixed,2006-12-05 18:49:15,2007-04-27 00:21:47
XMLBEANS-299,12357295,XMLBEANS,Improvement,false,Open,,2006-11-29 22:24:18,
XMLBEANS-298,12357017,XMLBEANS,Bug,false,Resolved,Fixed,2006-11-27 12:39:42,2009-11-20 01:17:47
XMLBEANS-297,12355676,XMLBEANS,Bug,false,Open,,2006-11-15 08:00:22,
XMLBEANS-296,12355240,XMLBEANS,Bug,false,Resolved,Cannot Reproduce,2006-11-10 08:28:10,2007-04-12 20:51:28
XMLBEANS-295,12354590,XMLBEANS,Bug,false,Open,,2006-11-02 17:10:33,
XMLBEANS-294,12353851,XMLBEANS,Bug,false,Closed,Won't Fix,2006-10-24 13:05:10,2019-01-03 21:37:44
XMLBEANS-293,12353214,XMLBEANS,Bug,false,Open,,2006-10-15 13:27:41,
XMLBEANS-292,12352911,XMLBEANS,Wish,false,Open,,2006-10-10 21:00:14,
XMLBEANS-291,12352523,XMLBEANS,Bug,false,Closed,Fixed,2006-10-05 17:43:47,2009-10-26 18:37:55
XMLBEANS-290,12351842,XMLBEANS,Bug,false,Resolved,Fixed,2006-09-27 00:31:33,2007-01-05 23:18:52
XMLBEANS-289,12350368,XMLBEANS,Improvement,false,Open,,2006-09-20 18:11:33,
XMLBEANS-288,12349858,XMLBEANS,Bug,false,Resolved,Invalid,2006-09-13 19:42:36,2009-10-26 18:28:11
XMLBEANS-287,12349756,XMLBEANS,Bug,false,Closed,Invalid,2006-09-12 18:19:36,2006-10-19 21:05:10
XMLBEANS-286,12348594,XMLBEANS,Bug,false,Open,,2006-08-24 23:38:00,
XMLBEANS-285,12348268,XMLBEANS,Bug,false,Open,,2006-08-19 14:04:01,
XMLBEANS-284,12347800,XMLBEANS,Bug,false,Resolved,Fixed,2006-08-11 16:40:58,2007-12-13 02:19:15
XMLBEANS-283,12347685,XMLBEANS,Bug,false,Open,,2006-08-10 11:06:35,
XMLBEANS-282,12347489,XMLBEANS,New Feature,false,Open,,2006-08-08 07:01:43,
XMLBEANS-281,12347199,XMLBEANS,Bug,false,Resolved,Won't Fix,2006-08-02 22:49:45,2008-12-03 02:22:23
XMLBEANS-280,12346666,XMLBEANS,Bug,false,Closed,Duplicate,2006-07-26 07:18:08,2009-10-26 19:08:57
XMLBEANS-279,12346149,XMLBEANS,Improvement,false,Resolved,Fixed,2006-07-18 08:56:09,2008-04-22 20:42:41
XMLBEANS-278,12345381,XMLBEANS,New Feature,false,Resolved,Fixed,2006-07-04 21:12:53,2007-04-20 21:48:47
XMLBEANS-277,12345167,XMLBEANS,New Feature,false,Resolved,Fixed,2006-06-29 06:34:51,2007-06-06 15:01:44
XMLBEANS-276,12344234,XMLBEANS,Bug,false,Resolved,Fixed,2006-06-11 06:39:04,2006-07-26 22:01:34
XMLBEANS-275,12344233,XMLBEANS,Bug,false,Resolved,Fixed,2006-06-11 06:20:50,2006-10-31 18:50:03
XMLBEANS-274,12343795,XMLBEANS,Bug,false,Resolved,Fixed,2006-06-01 21:49:40,2006-07-20 21:46:40
XMLBEANS-273,12343631,XMLBEANS,Bug,false,Open,,2006-05-29 20:45:51,
XMLBEANS-272,12343430,XMLBEANS,Bug,false,Closed,Won't Fix,2006-05-24 01:34:56,2009-10-26 19:16:20
XMLBEANS-271,12343426,XMLBEANS,Bug,false,Open,,2006-05-23 23:51:18,
XMLBEANS-270,12334165,XMLBEANS,Bug,false,Resolved,Fixed,2006-05-12 23:58:20,2007-11-27 21:20:19
XMLBEANS-269,12332582,XMLBEANS,Improvement,false,Resolved,Duplicate,2006-04-24 12:49:22,2007-12-19 23:18:14
XMLBEANS-268,12332437,XMLBEANS,Bug,false,Reopened,,2006-04-20 23:17:30,
XMLBEANS-267,12332293,XMLBEANS,Bug,false,Closed,Fixed,2006-04-18 13:06:56,2006-04-19 00:32:25
XMLBEANS-266,12332098,XMLBEANS,Bug,false,Closed,Won't Fix,2006-04-14 03:47:48,2021-10-13 14:03:17
XMLBEANS-265,12331951,XMLBEANS,Bug,false,Open,,2006-04-12 03:05:20,
XMLBEANS-264,12331886,XMLBEANS,New Feature,false,Closed,Won't Fix,2006-04-11 07:22:34,2007-12-19 23:39:13
XMLBEANS-263,12331795,XMLBEANS,New Feature,false,Resolved,Won't Fix,2006-04-08 06:45:04,2009-10-15 23:50:57
XMLBEANS-262,12331677,XMLBEANS,Improvement,false,Open,,2006-04-05 23:44:20,
XMLBEANS-261,12331540,XMLBEANS,Improvement,false,Open,,2006-04-04 07:33:46,
XMLBEANS-260,12330850,XMLBEANS,Bug,false,Resolved,Fixed,2006-03-29 23:41:47,2009-11-20 01:19:23
XMLBEANS-259,12330849,XMLBEANS,Bug,false,Resolved,Duplicate,2006-03-29 23:38:54,2006-03-29 23:48:32
XMLBEANS-258,12330848,XMLBEANS,Bug,false,Resolved,Duplicate,2006-03-29 23:38:01,2006-03-29 23:47:55
XMLBEANS-257,12330748,XMLBEANS,Bug,false,Resolved,Won't Fix,2006-03-28 01:11:39,2006-03-31 09:41:15
XMLBEANS-256,12330597,XMLBEANS,Bug,false,Resolved,Invalid,2006-03-23 18:58:06,2006-03-23 19:50:39
XMLBEANS-255,12330459,XMLBEANS,Bug,false,Resolved,Fixed,2006-03-20 18:01:24,2006-03-21 06:26:41
XMLBEANS-254,12330457,XMLBEANS,Bug,false,Resolved,Fixed,2006-03-20 17:39:44,2006-03-21 06:11:54
XMLBEANS-253,12330259,XMLBEANS,Improvement,false,Open,,2006-03-15 02:56:10,
XMLBEANS-252,12329967,XMLBEANS,Bug,false,Resolved,Won't Fix,2006-03-08 20:37:19,2008-04-07 22:51:44
XMLBEANS-251,12329936,XMLBEANS,Bug,false,Resolved,Fixed,2006-03-08 05:18:08,2006-04-04 07:41:07
XMLBEANS-250,12329683,XMLBEANS,Bug,false,Resolved,Cannot Reproduce,2006-03-03 02:24:16,2009-11-01 18:58:00
XMLBEANS-249,12329681,XMLBEANS,Bug,false,Resolved,Duplicate,2006-03-03 02:22:24,2006-03-03 02:26:49
XMLBEANS-248,12329391,XMLBEANS,Bug,false,Resolved,Cannot Reproduce,2006-02-24 02:27:30,2009-11-01 18:54:43
XMLBEANS-247,12329208,XMLBEANS,Bug,false,Open,,2006-02-21 03:46:47,
XMLBEANS-246,12329136,XMLBEANS,Bug,false,Closed,Invalid,2006-02-18 05:57:11,2006-02-18 08:07:52
XMLBEANS-245,12328671,XMLBEANS,Improvement,false,Resolved,Won't Fix,2006-02-08 00:32:38,2007-12-19 20:23:24
XMLBEANS-244,12328010,XMLBEANS,Bug,false,Resolved,Duplicate,2006-01-24 03:53:30,2006-05-03 08:56:19
XMLBEANS-243,12327995,XMLBEANS,Bug,false,Resolved,Cannot Reproduce,2006-01-23 21:29:20,2006-01-24 21:45:25
XMLBEANS-242,12327241,XMLBEANS,Wish,false,Closed,Won't Fix,2006-01-05 20:23:20,2007-04-12 23:26:05
XMLBEANS-241,12327166,XMLBEANS,Bug,false,Open,,2006-01-03 22:02:37,
XMLBEANS-240,12326997,XMLBEANS,Bug,false,Resolved,Fixed,2005-12-23 08:56:53,2009-11-01 21:16:45
XMLBEANS-239,12326908,XMLBEANS,Bug,false,Resolved,Fixed,2005-12-20 09:45:21,2005-12-21 10:10:06
XMLBEANS-238,12326579,XMLBEANS,Bug,false,Resolved,Duplicate,2005-12-11 03:07:24,2007-04-12 20:53:48
XMLBEANS-237,12326551,XMLBEANS,New Feature,false,Resolved,Won't Fix,2005-12-10 04:20:27,2007-12-19 23:52:51
XMLBEANS-236,12326549,XMLBEANS,Bug,false,Resolved,Fixed,2005-12-10 03:40:34,2006-01-17 08:59:12
XMLBEANS-235,12326507,XMLBEANS,Bug,false,Closed,Fixed,2005-12-09 18:02:43,2021-05-28 17:11:45
XMLBEANS-234,12326437,XMLBEANS,Improvement,false,Open,,2005-12-08 06:44:28,
XMLBEANS-233,12326386,XMLBEANS,Bug,false,Resolved,Won't Fix,2005-12-07 03:55:47,2005-12-08 09:00:32
XMLBEANS-232,12326193,XMLBEANS,Improvement,false,Resolved,Fixed,2005-11-30 21:29:44,2007-12-19 20:26:48
XMLBEANS-231,12326153,XMLBEANS,Bug,false,Closed,Incomplete,2005-11-29 18:32:35,2009-11-01 21:24:12
XMLBEANS-230,12326143,XMLBEANS,Bug,false,Resolved,Fixed,2005-11-29 10:56:21,2007-03-14 04:40:42
XMLBEANS-229,12325974,XMLBEANS,Bug,false,Resolved,Won't Fix,2005-11-23 23:19:27,2009-11-01 20:44:34
XMLBEANS-228,12325971,XMLBEANS,Bug,false,Closed,Fixed,2005-11-23 21:48:54,2007-04-23 20:11:53
XMLBEANS-227,12325883,XMLBEANS,Bug,false,Resolved,Fixed,2005-11-21 22:06:22,2007-04-26 23:54:21
XMLBEANS-226,12325775,XMLBEANS,Bug,false,Open,,2005-11-18 05:26:38,
XMLBEANS-225,12325735,XMLBEANS,Bug,false,Open,,2005-11-17 09:29:06,
XMLBEANS-224,12325699,XMLBEANS,Bug,false,Resolved,Invalid,2005-11-16 20:30:45,2005-11-16 21:04:38
XMLBEANS-223,12325445,XMLBEANS,Bug,false,Open,,2005-11-08 19:07:57,
XMLBEANS-222,12325431,XMLBEANS,Bug,false,Resolved,Fixed,2005-11-08 08:02:16,2006-05-09 07:11:55
XMLBEANS-221,12325375,XMLBEANS,Bug,false,Closed,Invalid,2005-11-06 01:15:03,2006-02-17 10:58:34
XMLBEANS-220,12325196,XMLBEANS,Bug,false,Closed,Cannot Reproduce,2005-11-01 12:08:51,2009-10-26 19:00:29
XMLBEANS-219,12325135,XMLBEANS,New Feature,false,Resolved,Duplicate,2005-10-29 07:08:14,2007-12-19 23:47:10
XMLBEANS-218,12325112,XMLBEANS,Bug,false,Open,,2005-10-28 15:56:55,
XMLBEANS-217,12318025,XMLBEANS,Bug,false,Open,,2005-10-17 20:54:56,
XMLBEANS-216,12318002,XMLBEANS,Bug,false,Open,,2005-10-17 08:33:45,
XMLBEANS-215,12317964,XMLBEANS,Bug,false,Open,,2005-10-15 02:23:33,
XMLBEANS-214,12317898,XMLBEANS,Improvement,false,Closed,Fixed,2005-10-13 07:28:23,2021-04-26 22:41:23
XMLBEANS-213,12317770,XMLBEANS,New Feature,false,Open,,2005-10-10 23:20:13,
XMLBEANS-212,12317689,XMLBEANS,Bug,false,Resolved,Fixed,2005-10-07 04:44:40,2006-04-14 06:04:27
XMLBEANS-211,12317617,XMLBEANS,Bug,false,Closed,Fixed,2005-10-05 15:58:00,2005-10-13 07:33:21
XMLBEANS-210,12317408,XMLBEANS,Bug,false,Open,,2005-09-29 14:16:41,
XMLBEANS-209,12317396,XMLBEANS,Bug,false,Resolved,Fixed,2005-09-29 04:55:51,2006-10-11 21:07:37
XMLBEANS-208,12317318,XMLBEANS,Bug,false,Closed,Fixed,2005-09-27 05:50:37,2005-10-28 03:46:58
XMLBEANS-207,12317303,XMLBEANS,Bug,false,Open,,2005-09-26 22:47:07,
XMLBEANS-206,12317302,XMLBEANS,Bug,false,Closed,Fixed,2005-09-26 22:06:26,2005-10-28 03:48:55
XMLBEANS-205,12317301,XMLBEANS,Bug,false,Resolved,Fixed,2005-09-26 22:01:19,2007-04-19 20:50:37
XMLBEANS-204,12317181,XMLBEANS,Bug,false,Resolved,Invalid,2005-09-22 04:59:50,2005-12-11 11:29:17
XMLBEANS-203,12317173,XMLBEANS,Improvement,false,Open,,2005-09-21 23:42:12,
XMLBEANS-202,12317004,XMLBEANS,Improvement,false,Resolved,Fixed,2005-09-16 01:44:56,2005-10-05 04:03:55
XMLBEANS-201,12315342,XMLBEANS,Bug,false,Closed,Won't Fix,2005-09-14 19:19:16,2009-11-01 21:40:49
XMLBEANS-200,12315289,XMLBEANS,Bug,false,Open,,2005-09-13 22:04:44,
XMLBEANS-199,12314870,XMLBEANS,Bug,false,Open,,2005-09-13 11:24:31,
XMLBEANS-198,12314682,XMLBEANS,Bug,false,Open,,2005-09-07 03:08:19,
XMLBEANS-197,12314632,XMLBEANS,Bug,false,Closed,Fixed,2005-09-05 20:02:25,2009-11-01 22:02:46
XMLBEANS-196,12314140,XMLBEANS,Bug,false,Closed,Cannot Reproduce,2005-09-03 04:45:44,2005-10-26 09:14:39
XMLBEANS-195,12314022,XMLBEANS,Improvement,false,Resolved,Duplicate,2005-08-31 02:39:35,2007-12-19 23:55:31
XMLBEANS-194,12313723,XMLBEANS,Bug,false,Closed,Cannot Reproduce,2005-08-24 07:36:11,2009-11-01 22:08:06
XMLBEANS-193,12313684,XMLBEANS,Bug,false,Resolved,Duplicate,2005-08-23 17:43:00,2007-05-08 17:08:38
XMLBEANS-192,12313574,XMLBEANS,Bug,false,Closed,Fixed,2005-08-20 01:19:04,2005-10-22 08:15:20
XMLBEANS-191,12313554,XMLBEANS,Bug,false,Resolved,Fixed,2005-08-19 14:28:48,2007-04-19 20:51:45
XMLBEANS-190,12313362,XMLBEANS,Bug,false,Closed,Won't Fix,2005-08-13 03:47:42,2009-11-01 22:15:44
XMLBEANS-189,12313359,XMLBEANS,Bug,false,Open,,2005-08-13 03:35:57,
XMLBEANS-188,12313352,XMLBEANS,Bug,false,Closed,Won't Fix,2005-08-12 23:38:55,2009-10-25 03:13:13
XMLBEANS-187,12313343,XMLBEANS,Bug,false,Resolved,Fixed,2005-08-12 20:00:07,2008-03-27 22:55:00
XMLBEANS-186,12313073,XMLBEANS,Bug,false,Resolved,Duplicate,2005-08-05 16:33:20,2005-11-25 18:42:32
XMLBEANS-185,12313000,XMLBEANS,Bug,false,Resolved,Duplicate,2005-08-04 03:04:09,2005-08-05 06:02:29
XMLBEANS-184,12312846,XMLBEANS,Bug,false,Closed,Fixed,2005-07-30 04:46:43,2005-09-29 06:38:56
XMLBEANS-183,12312601,XMLBEANS,Bug,false,Open,,2005-07-26 03:33:28,
XMLBEANS-182,12312530,XMLBEANS,Bug,false,Closed,Invalid,2005-07-22 22:00:20,2005-07-22 22:20:47
XMLBEANS-181,12312476,XMLBEANS,Bug,false,Closed,Fixed,2005-07-21 16:25:11,2005-07-26 04:00:25
XMLBEANS-180,12312442,XMLBEANS,Improvement,false,Resolved,Fixed,2005-07-21 01:40:09,2005-10-01 10:52:48
XMLBEANS-179,12312409,XMLBEANS,Bug,false,Closed,Fixed,2005-07-20 05:26:51,2005-10-28 04:01:10
XMLBEANS-178,12312333,XMLBEANS,Improvement,false,Open,,2005-07-16 09:32:43,
XMLBEANS-177,12312327,XMLBEANS,New Feature,false,Closed,Fixed,2005-07-16 04:57:37,2005-07-30 02:51:55
XMLBEANS-176,12312325,XMLBEANS,New Feature,false,Resolved,Fixed,2005-07-16 04:37:55,2008-09-10 21:28:51
XMLBEANS-175,12312137,XMLBEANS,Bug,false,Resolved,Fixed,2005-07-11 20:02:19,2008-03-27 22:48:43
XMLBEANS-174,12312101,XMLBEANS,New Feature,false,Open,,2005-07-09 06:25:04,
XMLBEANS-173,12312055,XMLBEANS,Bug,false,Resolved,Fixed,2005-07-08 05:59:56,2005-07-09 07:20:04
XMLBEANS-172,12312001,XMLBEANS,Bug,false,Resolved,Fixed,2005-07-06 20:17:19,2008-12-10 01:56:22
XMLBEANS-171,12311932,XMLBEANS,Bug,false,Open,,2005-07-03 23:35:18,
XMLBEANS-170,12311874,XMLBEANS,Bug,false,Open,,2005-07-01 21:37:49,
XMLBEANS-169,12311433,XMLBEANS,Improvement,false,Resolved,Fixed,2005-06-16 08:24:50,2005-06-18 11:18:04
XMLBEANS-168,12311393,XMLBEANS,Improvement,false,Resolved,Fixed,2005-06-15 09:36:55,2005-06-18 11:17:27
XMLBEANS-167,12311388,XMLBEANS,Bug,false,Closed,Fixed,2005-06-15 08:33:17,2005-06-18 11:16:26
XMLBEANS-166,12311384,XMLBEANS,Improvement,false,Resolved,Won't Fix,2005-06-15 07:09:39,2007-12-19 23:59:25
XMLBEANS-165,12311206,XMLBEANS,New Feature,false,Closed,Fixed,2005-06-10 01:37:32,2005-06-18 11:12:14
XMLBEANS-164,12311143,XMLBEANS,New Feature,false,Open,,2005-06-08 06:14:42,
XMLBEANS-163,12311142,XMLBEANS,New Feature,false,Open,,2005-06-08 05:48:42,
XMLBEANS-162,12311125,XMLBEANS,Bug,false,Resolved,Fixed,2005-06-07 21:59:39,2009-11-13 03:08:30
XMLBEANS-161,12311111,XMLBEANS,Bug,false,Open,,2005-06-07 08:18:59,
XMLBEANS-160,33057,XMLBEANS,Improvement,false,Resolved,Fixed,2005-06-02 21:27:58,2005-10-05 04:09:30
XMLBEANS-159,33026,XMLBEANS,Improvement,false,Open,,2005-06-01 20:24:01,
XMLBEANS-158,32895,XMLBEANS,Bug,false,Closed,Fixed,2005-05-26 06:26:54,2005-06-18 11:18:41
XMLBEANS-157,32876,XMLBEANS,Bug,false,Closed,Duplicate,2005-05-25 21:12:22,2005-06-11 09:43:58
XMLBEANS-156,32877,XMLBEANS,Bug,false,Closed,Duplicate,2005-05-25 21:12:22,2005-06-11 09:44:34
XMLBEANS-155,32875,XMLBEANS,Bug,false,Open,,2005-05-25 21:12:22,
XMLBEANS-154,32828,XMLBEANS,Bug,false,Resolved,Fixed,2005-05-23 23:07:51,2005-12-10 06:35:28
XMLBEANS-153,32738,XMLBEANS,Bug,false,Open,,2005-05-20 06:28:04,
XMLBEANS-152,32333,XMLBEANS,Improvement,false,Resolved,Fixed,2005-05-09 05:04:06,2005-11-09 05:30:45
XMLBEANS-151,32236,XMLBEANS,Bug,false,Closed,Duplicate,2005-05-05 01:13:05,2005-06-15 08:21:15
XMLBEANS-150,32157,XMLBEANS,Bug,false,Resolved,Won't Fix,2005-05-01 04:48:41,2007-04-24 06:27:28
XMLBEANS-149,32015,XMLBEANS,Bug,false,Resolved,Fixed,2005-04-27 00:10:38,2008-12-10 01:49:30
XMLBEANS-148,31982,XMLBEANS,Bug,false,Resolved,Fixed,2005-04-26 02:59:12,2005-07-12 03:31:39
XMLBEANS-147,31893,XMLBEANS,Bug,false,Closed,Fixed,2005-04-21 22:09:53,2005-08-31 06:20:58
XMLBEANS-146,31816,XMLBEANS,Bug,false,Resolved,Fixed,2005-04-19 21:43:32,2005-04-26 08:36:56
XMLBEANS-145,31690,XMLBEANS,Bug,false,Closed,Fixed,2005-04-14 23:28:55,2005-05-07 07:37:32
XMLBEANS-144,31527,XMLBEANS,Bug,false,Open,,2005-04-08 03:53:26,
XMLBEANS-143,31488,XMLBEANS,Bug,false,Closed,Won't Fix,2005-04-07 04:23:06,2005-04-14 07:57:09
XMLBEANS-142,31444,XMLBEANS,New Feature,false,Closed,Fixed,2005-04-05 22:59:57,2005-07-09 06:26:10
XMLBEANS-141,31432,XMLBEANS,Bug,false,Closed,Won't Fix,2005-04-05 10:50:30,2007-12-17 22:20:57
XMLBEANS-139,31380,XMLBEANS,Bug,false,Resolved,Fixed,2005-04-03 11:36:21,2005-05-12 03:14:48
XMLBEANS-138,31370,XMLBEANS,New Feature,false,Open,,2005-04-02 09:23:07,
XMLBEANS-137,31369,XMLBEANS,Bug,false,Open,,2005-04-02 09:05:23,
XMLBEANS-136,31342,XMLBEANS,Bug,false,Resolved,Fixed,2005-04-01 10:16:03,2005-07-23 04:20:31
XMLBEANS-135,31328,XMLBEANS,Bug,false,Resolved,Fixed,2005-04-01 00:58:05,2005-04-26 08:35:33
XMLBEANS-134,31261,XMLBEANS,Bug,false,Closed,Fixed,2005-03-30 04:25:57,2005-04-01 05:20:12
XMLBEANS-133,31137,XMLBEANS,Improvement,false,Resolved,Fixed,2005-03-25 00:45:09,2005-08-05 06:01:07
XMLBEANS-132,31136,XMLBEANS,Improvement,false,Closed,Won't Fix,2005-03-25 00:19:51,2005-04-14 07:49:34
XMLBEANS-131,31123,XMLBEANS,Bug,false,Open,,2005-03-24 06:14:59,
XMLBEANS-130,30994,XMLBEANS,Bug,false,Closed,Fixed,2005-03-18 03:22:41,2005-03-23 07:12:24
XMLBEANS-128,30858,XMLBEANS,Bug,false,Closed,Invalid,2005-03-15 00:20:55,2005-03-15 08:43:14
XMLBEANS-127,30813,XMLBEANS,Improvement,false,Closed,Won't Fix,2005-03-12 23:15:39,2005-03-13 02:54:44
XMLBEANS-126,30812,XMLBEANS,Bug,false,Closed,Won't Fix,2005-03-12 22:21:40,2005-03-13 02:49:18
XMLBEANS-125,30802,XMLBEANS,Bug,false,Resolved,Fixed,2005-03-12 03:37:41,2005-05-03 06:37:55
XMLBEANS-124,30801,XMLBEANS,New Feature,false,Closed,Duplicate,2005-03-12 03:24:34,2021-02-28 02:54:09
XMLBEANS-123,30744,XMLBEANS,Bug,false,Closed,Fixed,2005-03-10 08:20:35,2005-03-10 10:12:45
XMLBEANS-122,30725,XMLBEANS,Improvement,false,Closed,Fixed,2005-03-10 03:43:19,2005-05-12 03:28:10
XMLBEANS-121,30724,XMLBEANS,Wish,false,Closed,Duplicate,2005-03-10 03:40:12,2005-04-20 05:52:32
XMLBEANS-120,30723,XMLBEANS,Bug,false,Resolved,Won't Fix,2005-03-10 03:29:44,2008-12-10 01:41:26
XMLBEANS-119,30703,XMLBEANS,Bug,false,Closed,Cannot Reproduce,2005-03-09 15:41:03,2005-04-14 07:46:45
XMLBEANS-118,30572,XMLBEANS,Improvement,false,Resolved,Fixed,2005-03-04 06:48:05,2005-05-03 06:37:12
XMLBEANS-117,30545,XMLBEANS,Bug,false,Closed,Won't Fix,2005-03-03 17:44:33,2005-03-15 10:05:36
XMLBEANS-116,30539,XMLBEANS,Bug,false,Closed,Fixed,2005-03-03 10:02:17,2005-03-15 00:53:27
XMLBEANS-115,30527,XMLBEANS,Bug,false,Resolved,Fixed,2005-03-03 02:17:00,2005-03-23 04:25:59
XMLBEANS-114,30519,XMLBEANS,Bug,false,Resolved,Incomplete,2005-03-02 15:37:04,2005-04-26 08:19:38
XMLBEANS-113,30493,XMLBEANS,Bug,false,Closed,Invalid,2005-03-01 21:03:08,2005-03-02 03:41:23
XMLBEANS-112,30459,XMLBEANS,Bug,false,Closed,Fixed,2005-03-01 07:02:49,2005-03-01 07:32:46
XMLBEANS-111,30408,XMLBEANS,Bug,false,Resolved,Fixed,2005-02-26 07:18:38,2005-05-14 05:25:18
XMLBEANS-110,30406,XMLBEANS,Bug,false,Closed,Fixed,2005-02-26 06:58:05,2005-03-02 03:50:06
XMLBEANS-109,30350,XMLBEANS,Bug,false,Closed,Fixed,2005-02-24 04:33:31,2005-03-15 08:49:36
XMLBEANS-108,30214,XMLBEANS,Bug,false,Closed,Invalid,2005-02-17 19:59:03,2005-02-22 02:03:10
XMLBEANS-107,29960,XMLBEANS,New Feature,false,Resolved,Won't Fix,2005-02-08 09:14:43,2005-03-30 09:44:33
XMLBEANS-106,29806,XMLBEANS,Improvement,false,Closed,Fixed,2005-02-01 10:10:12,2005-02-01 12:35:38
XMLBEANS-105,29787,XMLBEANS,Bug,false,Closed,Fixed,2005-02-01 01:51:20,2005-02-02 12:29:51
XMLBEANS-104,29765,XMLBEANS,Bug,false,Closed,Fixed,2005-01-30 15:11:39,2005-02-04 07:59:39
XMLBEANS-103,29554,XMLBEANS,Bug,false,Closed,Fixed,2005-01-20 18:06:02,2005-02-22 02:07:35
XMLBEANS-102,29495,XMLBEANS,Bug,false,Closed,Fixed,2005-01-18 07:30:09,2005-04-26 08:33:38
XMLBEANS-101,29395,XMLBEANS,Bug,false,Closed,Fixed,2005-01-12 00:48:56,2005-01-14 03:05:09
XMLBEANS-100,29381,XMLBEANS,New Feature,false,Open,,2005-01-10 16:20:28,
XMLBEANS-99,29365,XMLBEANS,Bug,false,Closed,Won't Fix,2005-01-08 09:44:56,2005-06-14 04:48:08
XMLBEANS-98,29181,XMLBEANS,Bug,false,Closed,Duplicate,2004-12-28 17:28:40,2005-02-08 09:15:19
XMLBEANS-97,29132,XMLBEANS,Bug,false,Closed,Won't Fix,2004-12-22 14:19:39,2005-03-15 09:33:27
XMLBEANS-96,29107,XMLBEANS,Bug,false,Closed,Fixed,2004-12-21 10:34:17,2005-03-15 08:22:54
XMLBEANS-95,29085,XMLBEANS,New Feature,false,Closed,Won't Fix,2004-12-20 10:42:51,2004-12-23 21:13:32
XMLBEANS-94,29026,XMLBEANS,Bug,false,Closed,Won't Fix,2004-12-16 13:37:47,2005-02-08 08:41:45
XMLBEANS-93,28976,XMLBEANS,Improvement,false,Open,,2004-12-14 18:59:04,
XMLBEANS-92,28956,XMLBEANS,Improvement,false,Closed,Won't Fix,2004-12-13 16:22:28,2005-02-19 11:08:11
XMLBEANS-91,28955,XMLBEANS,New Feature,false,Resolved,Won't Fix,2004-12-13 16:11:12,2005-04-26 08:17:03
XMLBEANS-90,28926,XMLBEANS,Bug,false,Closed,Fixed,2004-12-10 22:38:14,2005-01-27 09:14:43
XMLBEANS-89,28894,XMLBEANS,Bug,false,Closed,Fixed,2004-12-09 10:34:37,2005-02-09 04:10:17
XMLBEANS-88,28757,XMLBEANS,Bug,false,Closed,Fixed,2004-12-04 18:27:34,2005-01-13 02:45:03
XMLBEANS-87,28559,XMLBEANS,Bug,false,Closed,Cannot Reproduce,2004-11-23 21:22:41,2005-03-15 08:20:26
XMLBEANS-86,28376,XMLBEANS,New Feature,false,Open,,2004-11-12 18:20:00,
XMLBEANS-85,28345,XMLBEANS,Bug,false,Closed,Fixed,2004-11-11 15:35:33,2005-01-14 03:07:30
XMLBEANS-84,28327,XMLBEANS,Bug,false,Closed,Fixed,2004-11-10 22:04:38,2005-02-11 07:36:00
XMLBEANS-83,28299,XMLBEANS,New Feature,false,Open,,2004-11-09 21:52:40,
XMLBEANS-82,28174,XMLBEANS,New Feature,false,Closed,Fixed,2004-11-04 07:29:42,2021-06-20 21:42:14
XMLBEANS-81,28133,XMLBEANS,Bug,false,Closed,Fixed,2004-11-02 18:51:52,2005-02-11 07:38:33
XMLBEANS-80,28096,XMLBEANS,Bug,false,Resolved,Fixed,2004-11-01 10:19:04,2005-02-11 07:37:28
XMLBEANS-79,28054,XMLBEANS,Bug,false,Resolved,Fixed,2004-10-29 10:32:27,2008-12-10 01:43:49
XMLBEANS-78,28035,XMLBEANS,Bug,false,Resolved,Fixed,2004-10-28 16:18:04,2005-07-08 06:22:25
XMLBEANS-77,28007,XMLBEANS,Bug,false,Resolved,Fixed,2004-10-27 19:24:06,2005-01-27 09:11:25
XMLBEANS-76,27924,XMLBEANS,Bug,false,Closed,Fixed,2004-10-22 21:31:07,2005-01-13 10:39:57
XMLBEANS-75,27864,XMLBEANS,Bug,false,Closed,Invalid,2004-10-20 12:56:02,2004-11-17 20:32:40
XMLBEANS-74,27862,XMLBEANS,Bug,false,Closed,Fixed,2004-10-20 03:22:37,2004-10-29 02:09:35
XMLBEANS-73,27861,XMLBEANS,Improvement,false,Closed,Fixed,2004-10-20 02:22:21,2004-10-29 02:10:40
XMLBEANS-72,27841,XMLBEANS,Bug,false,Closed,Fixed,2004-10-18 19:28:18,2004-11-30 00:02:27
XMLBEANS-71,27791,XMLBEANS,Bug,false,Closed,Fixed,2004-10-14 21:30:06,2004-11-17 20:31:30
XMLBEANS-70,27785,XMLBEANS,Bug,false,Closed,Invalid,2004-10-14 15:23:35,2005-03-30 09:48:52
XMLBEANS-69,27736,XMLBEANS,Improvement,false,Closed,Fixed,2004-10-11 18:58:21,2005-02-11 08:56:04
XMLBEANS-68,27690,XMLBEANS,Bug,false,Closed,Fixed,2004-10-08 00:14:39,2005-03-15 08:32:47
XMLBEANS-67,27665,XMLBEANS,Improvement,false,Closed,Fixed,2004-10-06 20:52:52,2004-10-29 02:10:22
XMLBEANS-66,27642,XMLBEANS,Bug,false,Closed,Fixed,2004-10-05 18:25:13,2004-10-23 02:42:27
XMLBEANS-65,27597,XMLBEANS,Improvement,false,Closed,Fixed,2004-10-02 22:40:06,2005-02-16 08:57:18
XMLBEANS-64,27473,XMLBEANS,Bug,false,Closed,Fixed,2004-09-26 15:04:01,2004-11-17 21:45:28
XMLBEANS-63,27472,XMLBEANS,Improvement,false,Open,,2004-09-26 06:07:20,
XMLBEANS-62,27463,XMLBEANS,Bug,false,Closed,Fixed,2004-09-25 04:20:50,2004-09-30 19:06:26
XMLBEANS-61,27348,XMLBEANS,Bug,false,Closed,Won't Fix,2004-09-17 19:59:33,2004-09-17 22:02:30
XMLBEANS-60,27305,XMLBEANS,New Feature,false,Open,,2004-09-14 19:55:57,
XMLBEANS-59,27304,XMLBEANS,New Feature,false,Reopened,,2004-09-14 19:45:17,
XMLBEANS-58,27303,XMLBEANS,New Feature,false,Closed,Fixed,2004-09-14 19:40:16,2004-10-28 04:14:27
XMLBEANS-57,27263,XMLBEANS,Bug,false,Closed,Fixed,2004-09-10 09:40:13,2004-10-23 02:42:08
XMLBEANS-56,26847,XMLBEANS,Bug,false,Closed,Won't Fix,2004-09-03 04:42:25,2005-03-15 08:26:44
XMLBEANS-55,24907,XMLBEANS,Improvement,false,Closed,Fixed,2004-09-02 19:49:55,2005-02-19 07:43:17
XMLBEANS-54,22778,XMLBEANS,Bug,false,Closed,Fixed,2004-09-02 00:11:02,2004-09-29 01:30:36
XMLBEANS-53,22745,XMLBEANS,Bug,false,Closed,Won't Fix,2004-08-31 10:31:57,2004-10-11 22:49:40
XMLBEANS-52,22744,XMLBEANS,Bug,false,Resolved,Won't Fix,2004-08-31 09:22:39,2004-10-25 20:20:39
XMLBEANS-51,22436,XMLBEANS,Wish,false,Closed,Duplicate,2004-08-20 00:18:03,2005-02-08 09:15:49
XMLBEANS-50,22392,XMLBEANS,Bug,false,Closed,Cannot Reproduce,2004-08-13 12:54:00,2004-09-17 18:19:09
XMLBEANS-49,22388,XMLBEANS,Bug,false,Closed,Cannot Reproduce,2004-08-12 22:15:53,2004-09-17 18:08:55
XMLBEANS-48,22385,XMLBEANS,Bug,false,Closed,Invalid,2004-08-12 17:55:27,2004-11-19 00:02:23
XMLBEANS-47,22322,XMLBEANS,Bug,false,Open,,2004-08-06 13:51:59,
XMLBEANS-46,22286,XMLBEANS,Bug,false,Resolved,Fixed,2004-08-03 14:43:03,2006-03-02 05:47:18
XMLBEANS-45,22256,XMLBEANS,Bug,false,Closed,Fixed,2004-07-30 10:32:28,2005-01-27 09:45:54
XMLBEANS-44,22216,XMLBEANS,Test,false,Closed,Fixed,2004-07-28 16:46:51,2004-10-29 02:10:47
XMLBEANS-43,22184,XMLBEANS,Bug,false,Closed,Cannot Reproduce,2004-07-23 00:37:40,2004-09-17 18:11:30
XMLBEANS-42,22067,XMLBEANS,Task,false,Closed,Fixed,2004-07-09 19:18:12,2004-09-29 00:21:29
XMLBEANS-41,22031,XMLBEANS,Bug,false,Closed,Fixed,2004-07-06 11:46:33,2004-10-13 00:16:17
XMLBEANS-40,21984,XMLBEANS,Bug,false,Closed,Won't Fix,2004-07-01 12:53:38,2005-02-19 09:00:42
XMLBEANS-39,21983,XMLBEANS,Bug,false,Closed,Fixed,2004-07-01 12:47:44,2004-09-30 21:37:45
XMLBEANS-38,21854,XMLBEANS,Bug,false,Closed,Invalid,2004-06-18 17:23:16,2005-03-30 08:41:28
XMLBEANS-37,21836,XMLBEANS,Bug,false,Closed,Fixed,2004-06-17 05:16:22,2004-06-23 21:37:12
XMLBEANS-36,21535,XMLBEANS,Bug,false,Closed,Fixed,2004-05-20 21:36:57,2004-10-01 23:50:13
XMLBEANS-35,21430,XMLBEANS,Bug,false,Closed,Fixed,2004-05-12 18:24:05,2005-02-01 05:42:45
XMLBEANS-34,21380,XMLBEANS,Bug,false,Closed,Fixed,2004-05-05 16:49:17,2005-02-15 03:25:37
XMLBEANS-33,17849,XMLBEANS,Bug,false,Closed,Fixed,2004-04-06 23:22:56,2004-04-08 19:52:15
XMLBEANS-32,17838,XMLBEANS,Improvement,false,Closed,Fixed,2004-04-06 07:10:58,2004-07-15 21:46:12
XMLBEANS-31,17763,XMLBEANS,Improvement,false,Closed,Fixed,2004-03-29 05:55:10,2004-07-15 21:46:02
XMLBEANS-30,17761,XMLBEANS,Improvement,false,Closed,Fixed,2004-03-29 00:50:35,2004-07-15 21:45:55
XMLBEANS-29,17734,XMLBEANS,Improvement,false,Resolved,Fixed,2004-03-27 06:46:50,2004-07-15 21:45:22
XMLBEANS-28,15318,XMLBEANS,New Feature,false,Closed,Fixed,2004-03-17 19:05:42,2004-07-15 21:44:53
XMLBEANS-27,15250,XMLBEANS,Wish,false,Closed,Fixed,2004-03-06 07:09:50,2005-02-08 08:55:06
XMLBEANS-26,15232,XMLBEANS,Bug,false,Closed,Won't Fix,2004-03-04 20:08:52,2004-03-06 05:42:05
XMLBEANS-25,15223,XMLBEANS,Bug,false,Resolved,Fixed,2004-03-02 22:27:03,2004-03-05 00:51:13
XMLBEANS-24,15221,XMLBEANS,Improvement,false,Resolved,Fixed,2004-02-29 00:28:11,2004-07-15 21:44:37
XMLBEANS-23,13579,XMLBEANS,Bug,false,Resolved,Fixed,2004-02-19 07:51:48,2005-01-18 10:19:52
XMLBEANS-22,13536,XMLBEANS,Bug,false,Resolved,Won't Fix,2004-02-12 00:11:54,2004-03-06 05:47:56
XMLBEANS-21,13535,XMLBEANS,New Feature,false,Closed,Fixed,2004-02-11 18:26:12,2004-02-11 18:30:10
XMLBEANS-20,13517,XMLBEANS,Improvement,false,Resolved,Fixed,2004-02-10 01:46:16,2004-07-15 21:44:14
XMLBEANS-18,13510,XMLBEANS,Improvement,false,Resolved,Fixed,2004-02-09 05:29:29,2004-07-15 21:41:14
XMLBEANS-17,13509,XMLBEANS,Improvement,false,Resolved,Fixed,2004-02-09 05:07:00,2004-07-15 21:40:51
XMLBEANS-16,13507,XMLBEANS,Bug,false,Resolved,Fixed,2004-02-08 03:01:50,2005-05-12 03:30:14
XMLBEANS-15,13506,XMLBEANS,Bug,false,Resolved,Fixed,2004-02-07 05:50:27,2004-08-03 01:36:23
XMLBEANS-14,13505,XMLBEANS,Bug,false,Closed,Fixed,2004-02-06 01:50:16,2005-02-11 07:45:54
XMLBEANS-13,13504,XMLBEANS,Bug,false,Resolved,Duplicate,2004-01-18 15:59:56,2007-04-26 22:46:40
XMLBEANS-12,13503,XMLBEANS,Bug,false,Closed,Fixed,2004-01-17 02:48:55,2005-02-09 05:01:46
XMLBEANS-11,13502,XMLBEANS,Bug,false,Closed,Cannot Reproduce,2004-01-15 16:54:00,2004-08-19 20:37:08
XMLBEANS-10,13501,XMLBEANS,Bug,false,Closed,Won't Fix,2004-01-15 09:18:22,2004-03-06 05:52:00
XMLBEANS-9,13500,XMLBEANS,Bug,false,Closed,Fixed,2004-01-14 03:03:34,2005-04-20 06:19:54
XMLBEANS-8,13499,XMLBEANS,Bug,false,Closed,Fixed,2003-12-15 13:57:35,2005-03-26 13:37:29
XMLBEANS-7,13498,XMLBEANS,Bug,false,Closed,Fixed,2003-12-15 09:04:00,2004-07-15 23:19:28
XMLBEANS-6,13497,XMLBEANS,Bug,false,Closed,Fixed,2003-12-11 00:52:50,2005-04-20 06:32:34
XMLBEANS-5,13496,XMLBEANS,Bug,false,Closed,Fixed,2003-11-14 08:20:55,2005-04-20 06:39:41
XMLBEANS-4,13495,XMLBEANS,Bug,false,Closed,Fixed,2003-11-12 08:21:16,2005-04-20 06:42:27
XMLBEANS-3,13494,XMLBEANS,Bug,false,Closed,Cannot Reproduce,2003-10-30 20:00:53,2005-03-11 04:29:10
XMLBEANS-2,13493,XMLBEANS,Bug,false,Closed,Fixed,2003-10-29 22:03:01,2005-03-04 10:08:52
XMLBEANS-1,13492,XMLBEANS,Bug,false,Resolved,Fixed,2003-10-03 03:24:52,2004-02-07 23:48:09
